"Date","Chrome for Android","Chrome 139.0","Chrome 142.0","Chrome 143.0","Chrome 112.0","Chrome 145.0","Chrome 141.0","Chrome 140.0","Chrome 144.0","Chrome 149.0","Chrome 148.0","Chrome 147.0","Chrome 146.0","Chrome 126.0","Chrome 150.0","Chrome 138.0","Chrome 151.0","Chrome 109.0","Chrome 125.0","Brave 0","Safari 18.6","Chrome 134.0","Edge 143","Chrome 152.0","Edge 142","Chrome 131.0","Edge 141","Chrome 153.0","Edge 140","Edge 144","Edge 146","Edge 139","Edge 145","Edge 148","Edge 149","Edge 150","Chrome 120.0","Edge 147","Chrome 130.0","Safari 26.5","360 Safe Browser 0","Edge 151","Chrome 133.0","Chrome 105.0","Chrome 116.0","Chrome 118.0","Safari 26.3","Chrome 137.0","Safari 26.2","Chrome 103.0","Firefox 147.0","Chrome 117.0","Chrome 124.0","Chrome 111.0","Safari 17.6","Firefox 115.0","Edge 138","Safari 16.6","Edge 153","Samsung Internet 30.0","Chrome 110.0","Firefox 146.0","Chrome 107.0","Safari 26.6","Edge 152","Safari 18.5","Chrome 106.0","Chrome 119.0","Chrome 108.0","Firefox 143.0","Chrome 104.0","Firefox 144.0","Firefox 145.0","Firefox 152.0","Firefox 142.0","Chrome 136.0","Opera 122.0","Safari 17.1","Chrome 132.0","Firefox 148.0","Firefox 150.0","Firefox 149.0","Safari 18.7","Opera 120.0","Firefox 151.0","Firefox 121.0","Safari 26.4","Safari 15.6","Chrome 128.0","Safari 26.1","Firefox 153.0","Firefox 140.0","Safari 26.0","Firefox 141.0","Chrome 122.0","Samsung Internet 29.0","Opera 125.0","Chrome 114.0","IE 11.0","Chrome 135.0","Mozilla 0","Opera 124.0","Opera 131.0","Edge 120","Chrome 154.0","Opera 127.0","Chrome 127.0","Opera 126.0","Opera 133.0","Chrome 129.0","Chrome 123.0","Firefox 118.0","Chrome 121.0","Safari 18.3","Edge 119","Firefox 120.0","Chrome 79.0","Yandex Browser 25.8","Firefox 154.0","Safari 17.5","Opera 130.0","Opera 129.0","Firefox 155.0","Yandex Browser 25.12","Opera 123.0","Sogou Explorer 0","Edge 109","Opera 132.0","Opera 128.0","Firefox 156.0","Opera 135.0","Opera 95.0","Firefox 11.0","Opera 121.0","Chrome 48.0","Firefox 128.0","Chrome 98.0","Firefox 135.0","Chrome 49.0","Chrome 52.0","Safari 17.4","Chrome 56.0","Edge 154","Chrome 45.0","Yandex Browser 26.3","Chrome 53.0","Yandex Browser 25.10","Chrome 87.0","Chrome 47.0","Chrome 58.0","Chrome 115.0","Chrome 83.0","Chrome 60.0","Chrome 55.0","Chrome 41.0","Chrome 57.0","Opera 134.0","Chrome 51.0","Safari 18.1","Chrome 59.0","Chrome 50.0","Chrome 43.0","Yandex Browser 24.10","Chrome 54.0","Chrome 42.0","Chrome 46.0","Chrome 44.0","Chrome 39.0","Chrome 40.0","Firefox 133.0","Safari 18.4","Firefox 136.0","Safari 14.1","Chrome 70.0","Safari 13.1","Opera 100.0","Yandex Browser 26.4","Safari 604.1","Edge 131","Firefox 43.0","Pale Moon 33.6","Safari 16.3","Chrome 69.0","Safari 537.36","Chrome 113.0","Safari 605.1","Yandex Browser 26.6","Chrome 81.0","Firefox 125.0","Edge 137","Firefox 127.0","Chrome 99.0","Firefox 132.0","Safari 17.3","Chrome 91.0","Edge 114","Opera 93.0","Chrome 101.0","Edge 136","Safari 16.5","Firefox 131.0","Edge 135","Edge 134","Opera 91.0","Chrome 66.0","Opera 92.0","Firefox 52.0","Safari 18.2","Firefox 130.0","Samsung Internet 28.0","Firefox 126.0","Firefox 134.0","Yandex Browser 26.8","Safari 16.1","Chrome 93.0","Safari 18.0","Edge 133","Edge 122","Yandex Browser 25.6","Edge 92","Chrome 92.0","Safari 17.2","Chrome 77.0","Chrome 97.0","IE 9.0","Opera 99.0","Chrome 102.0","Opera 98.0","Firefox 5.0","Safari 27.0","Safari 14.0","Safari 15.1","Chrome 86.0","Opera 96.0","Safari 16.4","Firefox 129.0","Safari 16.2","Opera 97.0","Edge 132","Opera 94.0","Opera 90.0","QQ Browser 19.7","Safari 17.0","Edge 121","Firefox 78.0","IE 8.0","Edge 127","QQ Browser 19.8","Safari 15.5","Firefox 139.0","Coc Coc 155.0","Chrome 80.0","Coc Coc 151.0","Edge 126","QQ Browser 19.5","Edge 130","Coc Coc 149.0","Safari 16.0","QQ Browser 19.4","QQ Browser 19.6","Chrome 85.0","Firefox 138.0","Chrome 100.0","Safari 15.4","Firefox 137.0","Edge 128","Coc Coc 145.0","Edge 129","QQ Browser 20.1","Other"
2025-08,10.28,18.6,0,0,7.48,0,0.02,0.05,0,0,0,0,0,1.19,0,18.24,0,1.84,1.09,1.47,2.08,0.9,0,0,0,0.65,0,0,0.02,0,0,6.92,0,0,0,0,0.27,0,0.27,0,0.83,0,0.18,2.07,0.17,0.15,0,1.38,0,0.23,0,0.3,0.16,0.07,0.36,0.43,3.68,0.39,0,0,0.02,0,0.03,0,0,1.49,0.02,0.13,0.08,0.01,0.08,0,0,0,1.03,0.41,0,0.27,0.45,0,0,0,0,1.62,0,0,0,0.27,0.2,0,0,0.12,0.05,2.21,0.18,0,0,0.13,0.89,0.33,0.17,0,0,0.08,0,0,0.09,0,0,0.1,0.19,0.31,0.11,0.17,0.01,0.01,0.18,0.15,0,0.11,0,0,0,0,0,0.09,0.1,0,0,0,0,0.07,0.08,0.01,0.05,0.2,0.11,0.03,0.05,0.03,0.06,0.04,0,0.03,0,0.02,0,0.1,0.03,0.03,0.21,0.11,0.02,0.02,0.02,0.02,0,0.02,0.08,0.02,0.02,0.02,0.07,0.02,0.02,0.02,0.02,0.02,0.02,0.04,0.11,0.03,0.07,0.02,0.07,0,0,0.08,0.08,0.01,0.04,0.06,0.02,0.01,0.03,0.03,0,0.09,0.01,0.11,0.01,0.04,0.01,0.03,0.05,0.06,0,0.05,0.07,0.04,0,0.06,0.06,0.05,0.06,0,0.07,0.04,0,0,0,0.02,0,0.04,0.03,0.04,0.04,0.03,0.26,0.03,0.03,0.03,0.01,0.04,0.04,0,0.04,0,0,0,0.03,0.06,0.03,0,0.02,0,0.03,0,0.03,0,0.13,0,0.01,0.01,0.02,0.05,0.03,0,0.02,0.05,0,0.02,0,0.03,0.05,0.03,0,0.05,0.02,0,0.02,0.03,0.03,0.02,0.02,0.02,0,0.02,0,1.41
2025-09,9.64,11.5,0.02,0,6.88,0,0.05,20.87,0,0,0,0,0,5.84,0,4.39,0,1.57,0.78,1.31,2.73,3.57,0,0,0,0.44,0.02,0,6.77,0,0,2.48,0,0,0,0,0.22,0,0.24,0,0.66,0,0.16,0.91,0.21,0.13,0,0.95,0,0.21,0,0.22,0.22,0.25,0.32,0.36,0.18,0.32,0,0,0.06,0,0.22,0,0,0.34,0.03,0.14,0.09,1.12,0.06,0.01,0,0,1.84,0.28,0.27,0.22,0.31,0,0,0,0.05,0.86,0,0,0,0.22,0.23,0,0,0.08,0.28,0.08,0.22,0,0,0.18,0.33,0.24,0.13,0,0,0.06,0,0,0.08,0,0,0.19,0.16,0.25,0.11,0.13,0.01,0,0.16,0.39,0,0.09,0,0,0,0,0,0.07,0.08,0,0,0,0,0.06,0.07,0.6,0.05,0.15,0.09,0.02,0.05,0.04,0.06,0.04,0,0.03,0,0.03,0,0.09,0.03,0.03,0.07,0.1,0.03,0.03,0.03,0.03,0,0.03,0.07,0.03,0.03,0.03,0.06,0.03,0.03,0.03,0.02,0.02,0.02,0.05,0.08,0.03,0.05,0.03,0.05,0,0,0.06,0.07,0.08,0.03,0.05,0.03,0.02,0.04,0.03,0,0.09,0.01,0.06,0.01,0.02,0.01,0.03,0.04,0.07,0,0.04,0.05,0.03,0,0.05,0.06,0.14,0.04,0,0.02,0.03,0,0,0,0.01,0,0.03,0.02,0.03,0.04,0.05,0.02,0.02,0.03,0.02,0.07,0.02,0.04,0,0.03,0,0,0,0.02,0.08,0.03,0,0.02,0,0.02,0,0.03,0,0.01,0,0.02,0.01,0.02,0.05,0.02,0,0.02,0.02,0,0.02,0,0.02,0.02,0.03,0,0.02,0.05,0.04,0.02,0.02,0.02,0.01,0.02,0.02,0.05,0.02,0,1.12
2025-10,8.95,1.37,0.27,0.02,4.2,0,19.01,8.99,0,0,0,0,0,12.34,0,0.88,0,1.18,6.72,1.03,1.89,5.22,0,0,0.02,0.32,6.4,0,1.47,0,0,0.11,0,0,0,0,0.2,0,2.68,0,0.51,0,0.11,0.31,0.11,0.29,0,0.51,0,0.14,0,0.18,0.12,0.15,0.25,0.28,0.07,0.25,0,0,0.23,0,0.03,0,0,0.24,0.07,0.08,0.04,1.31,0.06,1.15,0.01,0,0.07,0.16,1.41,0.18,0.19,0,0,0,0.13,0.14,0,0,0,0.17,0.23,0.02,0,0.1,0.62,0.03,0.23,0,0,0.36,0.13,0.13,0.1,0,0,0.06,0,0,0.15,0,0,0.17,0.11,0.21,0.19,0.1,0.01,0,0.13,0.35,0,0.07,0,0,0,0,0.01,0.06,0.07,0,0,0,0,0.05,0.06,0.17,0.03,0.09,0.08,0.02,0.03,0.02,0.04,0.02,0,0.02,0,0.02,0.01,0.06,0.02,0.02,0.03,0.08,0.01,0.02,0.02,0.02,0,0.01,0.05,0.01,0.01,0.01,0.05,0.01,0.01,0.01,0.01,0.01,0.01,0.11,0.06,0.02,0.05,0.03,0.04,0,0,0.05,0.04,0.19,0.03,0.04,0.02,0.02,0.1,0.02,0,0.08,0.01,0.03,0.01,0.03,0.01,0.02,0.04,0.04,0,0.02,0.03,0.02,0,0.03,0.03,0.05,0.03,0.09,0.02,0.03,0,0,0,0.01,0,0.02,0.02,0.03,0.02,0.03,0.01,0.02,0.04,0.02,0.04,0.02,0.03,0,0.02,0,0,0,0.02,0.03,0.02,0,0.02,0,0.02,0,0.02,0,0.01,0.04,0.01,0.04,0.01,0.01,0.01,0,0.01,0.01,0,0.01,0,0.02,0.03,0.01,0,0.01,0.04,0.01,0.01,0.01,0.01,0.01,0.02,0.01,0.04,0.01,0,0.69
2025-11,12.06,7.34,23.86,0.09,4.9,0,8.02,1.46,0.02,0,0,0,0,1.12,0,0.68,0,1.56,1.05,1.19,1.96,2.32,0.02,0,7.94,0.62,1.05,0,0.14,0,0,0.06,0,0,0,0,0.42,0,1.9,0,0.58,0,0.15,0.37,0.16,0.22,0,1.03,0.02,0.17,0,0.3,0.16,0.19,0.3,0.31,0.06,0.28,0,0,0.36,0.01,0.15,0,0,0.25,0.24,0.1,0.09,0.07,0.03,1.31,1.55,0,0.03,0.14,0.62,0.21,0.22,0,0,0,0.23,0.02,0,0,0,0.19,0.32,0.49,0,0.17,0.44,0.02,0.21,0,0,0.39,0.19,0.14,0.12,0.35,0,0.06,0,0,0.34,0,0,0.29,0.17,0.25,0.25,0.11,0,0,0.16,0.18,0,0.08,0,0,0,0,0.89,0.07,0.07,0,0,0,0,0.06,0.11,0,0.03,0.05,0.09,0.02,0.03,0.03,0.05,0.02,0,0.02,0,0.02,0.26,0.08,0.02,0.02,0.08,0.1,0.01,0.01,0.01,0.01,0,0.01,0.05,0.01,0.01,0.01,0.05,0.01,0.01,0.01,0.01,0.01,0.01,0.01,0.06,0.02,0.05,0.01,0.04,0,0,0.05,0.04,0.08,0.04,0.04,0.03,0.01,0.13,0.03,0,0.03,0.01,0.03,0.01,0.04,0.02,0.03,0.04,0.08,0.02,0.03,0.03,0.03,0,0.03,0.02,0.01,0.04,0.16,0.03,0.03,0,0,0,0.01,0,0.02,0.03,0.03,0.02,0.02,0,0.02,0.03,0.02,0.03,0.03,0.03,0,0.02,0,0.01,0,0.02,0.01,0.02,0,0.02,0,0.02,0,0.02,0,0,0.02,0.01,0.07,0.01,0.02,0.01,0.03,0.02,0.01,0,0.01,0,0.01,0.04,0.01,0,0.01,0.01,0.03,0.02,0.01,0.01,0.01,0.01,0.01,0.01,0.01,0,0.76
2025-12,14.9,7.96,13.48,18.8,3.61,0.02,1.33,0.6,0.08,0,0,0,0,1.62,0,0.6,0,1.59,1.31,1.16,1.76,0.32,6.27,0,2.45,0.81,0.1,0,0.08,0.01,0,0.04,0,0,0,0,0.6,0,0.38,0,0.62,0,0.45,0.55,0.33,0.14,0.01,0.18,0.2,0.24,0.01,0.33,0.29,0.32,0.33,0.32,0.05,0.3,0,0,0.22,1.71,0.42,0,0,0.23,0.27,0.05,0.22,0.03,0.12,0.06,1.17,0,0.02,0.13,0.01,0.2,0.19,0,0,0,0.3,0,0,0,0,0.18,0.17,0.8,0,0.21,0.14,0.01,0.36,0,0.48,0.25,0.18,0.15,0.12,1.24,0,0.05,0,0,0.28,0,0,0.15,0.21,0.26,0.12,0.11,0,0,0.15,0.01,0,0.09,0,0,0,0.09,0.02,0.12,0.07,0,0,0,0,0.06,0.11,0,0.03,0.02,0.1,0.01,0.03,0.03,0.05,0.02,0,0.02,0,0.02,0.3,0.06,0.02,0.02,0.07,0.1,0.02,0.02,0.02,0.02,0,0.02,0.05,0.02,0.02,0.02,0.05,0.02,0.02,0.02,0.02,0.02,0.02,0.01,0.06,0.02,0.05,0.01,0.04,0,0,0.04,0.04,0.03,0.03,0.04,0.08,0.02,0.02,0.03,0,0.02,0.01,0.03,0.01,0.04,0.01,0.03,0.03,0.01,0.18,0.03,0.02,0.03,0,0.03,0.02,0,0.04,0.02,0.02,0.03,0,0,0,0.01,0,0.02,0.02,0.02,0.02,0.02,0,0.02,0.02,0.02,0.01,0.02,0.03,0,0.02,0,0.06,0,0.02,0.01,0.02,0,0.02,0,0.02,0,0.01,0,0,0.05,0.01,0.01,0.01,0.01,0.01,0.02,0.02,0.01,0,0.02,0,0.01,0.01,0.01,0,0.01,0.01,0.04,0.02,0.01,0.01,0.01,0.01,0.01,0,0.01,0,0.81
2026-01,14.29,6.98,2.71,21.73,5.67,0.04,0.83,0.37,7.86,0,0,0,0.01,0.11,0,0.49,0,1.64,0.51,1.16,1.23,0.14,5.06,0,0.16,1.48,0.05,0,0.06,3.3,0,0.03,0.01,0,0,0,0.65,0,0.2,0,0.56,0,1.1,0.57,0.93,0.11,0.03,0.13,1.31,0.55,1.37,0.59,0.48,0.61,0.32,0.27,0.04,0.29,0,0,0.49,1.36,0.48,0,0,0.18,0.43,0.08,0.48,0.02,0.48,0.02,0.06,0,0.01,0.2,0.01,0.2,0.29,0.01,0,0,0.23,0,0,0,0,0.17,0.16,0.36,0,0.23,0.09,0.01,0.19,0,1.24,0.13,0.12,0.14,0.11,0.02,0,0.03,0,0,0.11,0.46,0,0.14,0.13,0,0.1,0.09,0,0,0.14,0,0,0.09,0,0,0,0.31,0,0.11,0.06,0,0,0,0,0.05,0.15,0,0.03,0.02,0.1,0.02,0.03,0.03,0.06,0.02,0,0.02,0,0.02,0.03,0.06,0.02,0.02,0.05,0.09,0.03,0.02,0.02,0.02,0,0.02,0.05,0.02,0.02,0.01,0.04,0.01,0.01,0.01,0.01,0.01,0.01,0.01,0.05,0.02,0.04,0.02,0.04,0,0,0.03,0.03,0.03,0.03,0.04,0.07,0.05,0.01,0.03,0,0.02,0.01,0.02,0.01,0.09,0.01,0.03,0.04,0.01,0.11,0.03,0.02,0.03,0,0.02,0.02,0,0.05,0.01,0.03,0.02,0,0,0,0.01,0,0.02,0.02,0.02,0.02,0.01,0,0.02,0.03,0.02,0.01,0.02,0.03,0,0.02,0,0.05,0,0.02,0.01,0.02,0,0.02,0,0.02,0,0.01,0.09,0,0.05,0.02,0.01,0.01,0.01,0.01,0.03,0.01,0.01,0,0.02,0,0.01,0,0.01,0.06,0.01,0,0.01,0.01,0.01,0.01,0.01,0.01,0.01,0,0.01,0,1.16
2026-02,15.48,2.36,0.99,2.28,2.8,11.24,0.31,0.18,21.59,0,0,0.01,0.04,0.09,0,0.54,0,1.94,0.09,1.37,0.76,0.1,0.3,0,0.09,1.78,0.04,0,0.04,5.95,0.01,0.03,4.05,0,0,0,0.66,0,0.13,0,0.51,0,1.48,0.59,1.26,0.02,0.59,0.11,2.29,0.75,2.94,0.63,0.65,0.63,0.36,0.32,0.04,0.31,0,0,0.58,0.07,0.59,0,0,0.16,0.59,0.04,0.6,0.02,0.61,0.02,0.03,0,0.01,0.13,0,0.23,0.13,0.27,0,0,0.16,0,0,0,0.01,0.2,0.13,0.12,0,0.19,0.07,0.01,0.08,0,0.03,0.08,0.03,0.11,0.12,0.01,0,0.03,0,0.85,0.03,1,0,0.06,0.05,0,0.04,0.09,0,0,0.04,0,0,0.13,0,0.01,0,0.43,0,0.09,0.08,0,0.01,0,0,0.14,0.03,0,0.01,0.02,0.03,0.01,0.01,0.01,0.06,0.01,0,0.01,0,0.01,0.01,0.02,0.01,0.01,0.03,0.02,0.01,0.01,0.01,0.01,0,0.01,0.05,0.01,0.01,0.01,0.06,0.01,0.01,0.01,0.01,0.01,0.01,0.01,0.04,0.02,0.05,0.01,0.04,0,0,0.04,0.03,0.01,0.05,0.04,0.04,0.01,0.01,0.04,0,0.01,0,0.02,0.01,0.03,0,0.03,0.02,0.01,0.01,0.02,0.02,0.03,0,0.02,0.02,0,0.01,0,0.02,0.02,0,0,0,0.01,0,0.03,0.02,0.02,0.02,0.01,0,0.02,0.01,0.02,0,0.02,0.01,0,0.01,0,0.04,0,0.02,0.01,0.01,0,0.02,0,0.02,0,0.01,0.1,0,0.01,0.02,0.01,0.01,0.01,0.01,0.07,0.01,0.01,0,0.01,0,0.01,0,0.01,0.06,0.01,0,0,0.01,0.01,0,0.01,0.01,0.01,0,0.01,0.03,0.66
2026-03,18.14,0.8,0.48,0.74,0.33,21.5,0.19,0.17,2.17,0,0.01,0.06,16.08,0.09,0,0.49,0,1.49,0.05,1.63,0.74,0.11,0.17,0,0.06,0.53,0.04,0,0.03,0.33,5.65,0.03,5.93,0,0,0,0.2,0.01,0.14,0,0.58,0,0.34,0.15,0.4,0.02,3.01,0.11,0.59,0.28,0.22,0.16,0.19,0.15,0.41,0.33,0.04,0.36,0,0,0.15,0.04,0.15,0,0,0.16,0.15,0.04,0.16,0.01,0.15,0.02,0.02,0,0.01,0.1,0,0.26,0.08,2.86,0,0.56,0.17,0,0,0,0.11,0.21,0.13,0.1,0,0.22,0.07,0.01,0.09,0,0.01,0.06,0.01,0.12,0.12,0,0,0.03,0,1.02,0.03,0.03,0,0.03,0.03,0,0.04,0.1,0,0,0.02,0,0,0.1,0,0.07,0,0.22,0,0.08,0.08,0,1.01,0,0,0.17,0,0,0.09,0.02,0.01,0.01,0.1,0.08,0.07,0.08,0,0.08,0.31,0.08,0.01,0.02,0.08,0.08,0.02,0.01,0.08,0.08,0.08,0.08,0,0.08,0.05,0.08,0.08,0.08,0.07,0.08,0.08,0.08,0.08,0.08,0.08,0.01,0.05,0.02,0.05,0,0.05,0,0,0.04,0.03,0,0.04,0.04,0.01,0,0.01,0.05,0,0.01,0,0.02,0.01,0.01,0,0.03,0.01,0.01,0.01,0.02,0.02,0.03,0,0.02,0.02,0,0,0,0.03,0.02,0,0,0,0.01,0,0.03,0.02,0.02,0.02,0.02,0,0.02,0.01,0.02,0.08,0.02,0,0,0.01,0,0.02,0,0.02,0.01,0.02,0.15,0.03,0,0.02,0,0.01,0.01,0,0,0.01,0.01,0.02,0,0.01,0.01,0.01,0.01,0,0.01,0.03,0.01,0,0.01,0.04,0.01,0,0,0.01,0.01,0,0.01,0.01,0.01,0,0.01,0.02,0.81
2026-04,16.89,0.39,1.7,0.32,2.52,2.06,0.16,0.2,0.87,0.01,0.05,18.75,15.6,0.09,0,0.43,0,1.56,0.22,1.46,0.49,0.11,0.1,0,0.04,0.85,0.03,0,0.04,0.1,5.08,0.02,0.21,0.01,0,0,0.46,5.43,0.13,0.02,0.51,0,0.82,0.38,0.84,0.03,2.32,0.1,0.36,0.49,0.06,0.37,0.38,0.45,0.31,0.29,0.04,0.28,0,0,0.38,0.02,0.38,0,0,0.11,0.38,0.05,0.39,0.01,0.38,0.01,0.01,0,0.01,0.14,0,0.22,0.11,0.14,0.72,2.38,0.26,0,0,0,0.7,0.18,0.12,0.07,0,0.2,0.05,0.01,0.1,0.94,0,0.05,0.02,0.11,0.12,0,0,0.03,0,0.02,0.04,0.01,0,0.03,0.04,0,0.04,0.08,0,0,0.02,0,0,0.08,0.54,1.13,0,0.01,0,0.05,0.08,0,0.17,0,0,0.06,0.1,0,0.07,0.01,0.01,0.01,0.07,0.06,0.05,0.06,0,0.06,0.42,0.06,0.01,0.02,0.06,0.06,0.03,0.01,0.06,0.06,0.06,0.06,0,0.06,0.04,0.06,0.06,0.06,0.05,0.06,0.05,0.05,0.05,0.05,0.05,0.01,0.04,0.02,0.04,0.01,0.04,0,0,0.03,0.03,0,0.04,0.03,0.01,0,0.02,0.04,0,0.01,0,0.02,0.01,0.01,0,0.03,0.02,0.01,0,0.02,0.02,0.02,0,0.02,0.02,0,0,0,0.02,0.02,0,0.05,0,0.01,0,0.02,0.02,0.02,0.02,0.01,0,0.02,0.01,0.02,0,0.02,0.02,0,0.01,0,0,0,0.02,0,0.01,0.1,0.02,0,0.01,0.15,0.01,0,0,0,0.01,0,0.01,0.01,0.01,0.01,0.01,0.01,0,0.01,0.1,0.01,0,0.01,0.02,0.01,0,0,0.01,0.01,0,0.01,0.01,0.01,0,0.01,0.02,0.8
2026-05,16.26,0.21,1.87,0.23,1.87,1.79,0.12,0.16,0.62,0.07,17.46,12.66,1.21,0.08,0.02,0.33,0,1.52,1.08,1.24,0.39,0.1,0.04,0,0.03,1.18,0.02,0,0.03,0.05,0.15,0.02,0.07,6.04,0.01,0,0.61,2.95,0.13,0.59,0.45,0,1.08,0.49,1.07,2.45,0.87,0.17,0.24,0.63,0.03,0.59,0.58,0.6,0.25,0.26,0.04,0.23,0,0.19,0.5,0.02,0.5,0,0,0.09,0.5,0.06,0.51,0.01,0.52,0.01,0.01,0,0.01,0.09,0,0.19,0.1,0.04,1.9,0.09,0.25,0,0.8,0.03,1.3,0.14,0.11,0.05,0,0.18,0.04,0.01,0.07,0.96,0,0.05,0.02,0.08,0.1,0,0.89,0.03,0,0,0.04,0,0,0.04,0.07,0,0.05,0.07,0.01,0.01,0.06,0,0,0.07,0.67,0.02,0,0,0,0.05,0.06,0,0,0,0,0.05,0.09,0,0.19,0.02,0.06,0.02,0.19,0.19,0.04,0.18,0,0.19,0.08,0.18,0,0.03,0.18,0.18,0.02,0.01,0.18,0.18,0.18,0.18,0,0.18,0.03,0.18,0.18,0.18,0.03,0.18,0.18,0.18,0.18,0.18,0.18,0.01,0.03,0.02,0.03,0.05,0.03,0,0.22,0.03,0.03,0,0.03,0.02,0.01,0.05,0.01,0.03,0,0.01,0.01,0.02,0.01,0.03,0.01,0.02,0.02,0.01,0,0.02,0.02,0.02,0,0.02,0.02,0,0.01,0,0.02,0.02,0,0.06,0,0.01,0,0.02,0.03,0.02,0.02,0.01,0,0.02,0.01,0.01,0,0.01,0.02,0,0.01,0.15,0,0,0.01,0,0.01,0.01,0.01,0,0.01,0.07,0.01,0,0,0,0.01,0,0.01,0,0.01,0.01,0.01,0.01,0,0.01,0.05,0.01,0,0.01,0,0.01,0,0,0.01,0.01,0.02,0.01,0.01,0.01,0,0.01,0.05,0.86
2026-06,18.84,0.38,0.98,0.2,0.28,0.9,0.1,0.1,0.59,18.46,11.67,1,1.05,0.11,0.09,0.31,0.02,1.34,0.86,1.24,0.33,0.13,0.03,0,0.02,0.75,0.02,0,0.02,0.04,0.07,0.02,0.04,2.4,6.78,0.01,0.96,0.12,0.13,2.44,0.4,0,0.66,0.28,0.64,2.13,0.25,0.16,0.15,0.43,0.03,0.34,0.42,0.35,0.26,0.26,0.03,0.22,0,1.04,0.28,0.01,0.28,0.01,0,0.07,0.28,0.59,0.29,0.01,0.33,0.01,0.01,1,0.01,0.08,0,0.19,0.16,0.02,0.1,0.03,0.21,0,1.69,0.55,0.19,0.14,0.15,0.03,0,0.15,0.03,0.02,0.08,0.16,0,0.05,0.01,0.09,0.11,0,0.83,0.29,0,0,0.07,0,0.01,0.07,0.04,0,0.03,0.06,0.27,0.27,0.06,0,0,0.07,0.01,0,0,0,0,0.05,0.06,0.53,0,0,0,0.05,0.06,0,0.18,0.14,0.05,0.16,0.19,0.18,0.04,0.18,0,0.18,0.01,0.18,0,0.04,0.18,0.18,0.03,0.01,0.18,0.18,0.18,0.18,0,0.18,0.03,0.18,0.18,0.18,0.03,0.18,0.18,0.18,0.18,0.18,0.18,0.18,0.02,0.23,0.03,0.09,0.03,0,0.24,0.02,0.03,0,0.03,0.02,0.02,0.08,0.01,0.03,0.01,0.01,0.19,0.02,0.19,0.03,0.18,0.03,0.02,0.01,0,0.02,0.02,0.02,0.19,0.02,0.01,0,0.01,0,0.01,0.02,0.18,0.07,0.18,0.12,0,0.01,0.03,0.01,0.01,0.01,0,0.02,0.02,0.01,0,0.01,0.01,0.2,0.02,0.07,0.01,0.01,0.01,0,0.01,0,0.01,0.11,0.01,0.01,0.01,0,0,0,0.01,0,0.01,0,0.01,0.01,0.01,0.01,0,0.01,0.01,0.01,0,0.01,0,0.01,0,0,0.01,0.01,0.01,0.01,0.01,0.01,0,0.01,0.01,0.92
2026-07,22.22,0.41,0.56,0.16,0.2,1.98,0.1,0.08,0.22,10.99,1.56,0.48,0.24,0.08,19.96,0.27,0.31,1.27,0.19,0.91,0.34,0.1,0.03,0.02,0.02,0.59,0.02,0,0.02,0.03,0.04,0.02,0.03,0.12,1.79,7.81,1.11,0.07,0.06,2.95,0.52,0.01,0.46,0.19,0.45,0.46,0.17,0.16,0.12,0.32,0.02,0.2,0.38,0.22,0.29,0.26,0.02,0.23,0,1.25,0.2,0.01,0.2,0.04,0,0.07,0.2,0.8,0.21,0.01,0.19,0.01,0.01,2.14,0,0.54,0,0.19,0.16,0.02,0.06,0.02,0.23,0,0.08,0.76,0.11,0.14,0.14,0.03,0.65,0.15,0.03,0,0.08,0.11,0,0.04,0.01,0.08,0.11,0,0.13,0.4,0,0,0.03,0,0.86,0.03,0.04,0,0.03,0.06,0.39,0.38,0.04,0,0,0.08,0,0,0,0,0,0.05,0.06,0.52,0,0,0,0.06,0,0,0.06,0.11,0.05,0.3,0.06,0.06,0.04,0.05,0,0.05,0.01,0.05,0,0.05,0.05,0.05,0.02,0.01,0.05,0.05,0.05,0.05,0.01,0.05,0.03,0.05,0.05,0.05,0.04,0.05,0.05,0.05,0.05,0.05,0.05,0.15,0.02,0.17,0.04,0.15,0.03,0.28,0.08,0.03,0.03,0,0.03,0.02,0.02,0.08,0.01,0.03,0.25,0.01,0.13,0.01,0.14,0.01,0.13,0.02,0.02,0.01,0,0.02,0.01,0.02,0.14,0.02,0.01,0,0.01,0,0.01,0.02,0.13,0.08,0.13,0.09,0,0.01,0.02,0.01,0.01,0.02,0,0.02,0.01,0.02,0,0.01,0,0.05,0.02,0.01,0.02,0.02,0.01,0,0.01,0,0.01,0.08,0.01,0.01,0.01,0,0,0,0.02,0.01,0.01,0,0.01,0,0.01,0.01,0.1,0.01,0,0.01,0,0.01,0,0.01,0,0,0.01,0,0.01,0.01,0,0.01,0,0.01,0.01,0.83
2026-08,21.23,0.12,0.48,0.09,0.11,8.27,0.09,0.09,0.67,3.21,0.69,0.37,0.22,0.08,7.84,0.24,19.05,1.13,0.4,0.83,0.25,0.07,0.02,0.98,0.02,0.39,0.02,0.03,0.02,0.05,0.05,0.02,0.03,0.05,0.11,1.02,1.05,0.04,0.06,1.56,0.4,7.38,0.28,0.11,0.28,0.46,0.13,0.3,0.1,0.22,0.04,0.12,0.29,0.16,0.26,0.26,0.02,0.21,0,1.25,0.11,0.01,0.11,1.35,0.43,0.06,0.11,0.86,0.12,0.01,0.11,0.01,0.01,0.15,0.01,0.24,0,0.19,0.35,0.01,0.05,0.01,0.21,0,0.03,0.84,0.1,0.13,0.1,0.03,1.68,0.15,0.02,0,0.08,0.08,0,0.03,0.01,0.08,0.09,0,0.01,0.45,0.01,0,0.03,0,0.66,0.02,0.05,0,0.05,0.05,0.42,0.44,0.04,0,0.92,0.07,0,0,0,0,0,0.07,0.06,0.01,0,0,0.03,0.06,0.01,0,0.05,0.03,0.04,0.27,0.05,0.05,0.06,0.04,0,0.04,0,0.05,0,0.04,0.04,0.04,0.02,0.01,0.05,0.04,0.04,0.04,0.56,0.04,0.03,0.04,0.04,0.04,0.03,0.04,0.04,0.04,0.04,0.04,0.04,0.05,0.02,0.02,0.03,0.12,0.03,0.29,0.01,0.02,0.05,0,0.04,0.02,0.09,0.08,0.01,0.03,0.2,0.01,0.02,0.01,0.01,0.01,0.03,0.02,0.01,0.01,0,0.02,0.01,0.02,0.01,0.01,0.01,0.05,0.01,0,0.01,0.01,0.01,0.07,0.01,0.01,0.08,0.01,0.02,0.01,0.03,0.03,0,0.02,0.01,0.01,0,0.01,0,0.02,0.02,0.01,0.01,0.02,0.01,0,0.01,0,0.01,0.01,0.01,0,0.01,0,0.05,0,0.01,0.01,0.01,0,0.01,0,0.01,0.01,0.08,0.01,0,0.01,0,0.01,0,0,0,0,0.01,0,0.01,0.01,0,0.01,0,0.01,0.01,1.03
2026-09,4.19,0.18,0.71,0.12,0.2,0.19,0.22,0.23,0.63,0.59,0.61,0.41,0.74,0.09,1.46,0.44,5.91,1.53,0.22,1.12,0.37,0.17,0.03,19.44,0.03,0.5,0.02,16.32,0.03,0.02,0.04,0.02,0.03,0.05,0.07,0.16,0.91,0.04,0.06,0.69,0.47,0.62,0.49,0.2,0.47,0.57,0.17,0.2,0.13,0.35,0.02,0.19,0.24,0.21,0.45,0.35,0.02,0.32,6.21,0.45,0.19,0.01,0.19,3.62,5.04,0.08,0.19,0.69,0.2,0.01,0.19,0.01,0.01,0.08,0.01,0.53,0.01,0.27,0.05,0.02,0.04,0.02,0.3,0.01,0.03,0.67,0.16,0.18,0.12,0.04,0.12,0.22,0.04,0.01,0.08,0.03,0,0.03,0.02,0.18,0.56,0,0.01,0.35,2.64,0,0.04,0,0.02,0.02,0.05,0.01,0.05,0.08,0.33,0.33,0.01,0,0.53,0.11,0,0,1.7,0,0,0.05,0.08,0,0,1.59,1.54,0.08,0.01,0.01,0.02,0.01,0.04,0.01,0.02,0.01,0.13,0.01,1.17,0.01,0,0.01,0,0.02,0.01,0.01,0.02,0.01,0.01,0.01,0.01,0.01,0.24,0.01,0.09,0.01,0.01,0.01,0.05,0.01,0.01,0.01,0.01,0.01,0.01,0.02,0.03,0.02,0.04,0.03,0.04,0.01,0,0.03,0.02,0,0.05,0.03,0.01,0.02,0.01,0.04,0.02,0.01,0.01,0.01,0.01,0.01,0.01,0.04,0.01,0.01,0,0.03,0.01,0.02,0,0.01,0.01,0,0,0,0.02,0.02,0.01,0.02,0,0.01,0.38,0.02,0.02,0.02,0.01,0.03,0,0.02,0.01,0.03,0,0.01,0,0,0.02,0,0.01,0.3,0.02,0,0.01,0,0.01,0,0.01,0,0.01,0,0,0,0.02,0.01,0.01,0,0.01,0,0.01,0.01,0.01,0.01,0,0.01,0,0.01,0,0.01,0,0,0,0.01,0.01,0.01,0.01,0.01,0,0.01,0,1.34
