"Date","Chrome","Edge","Safari","Firefox","Opera","Brave","360 Safe Browser","Samsung Internet","Yandex Browser","QQ Browser","IE","Mozilla","Coc Coc","Sogou Explorer","Whale Browser","Pale Moon","Edge Legacy","Other"
2025-08,70.31,11.73,6.34,4.93,2.06,1.47,0.83,0,0.53,0.24,1,0.17,0.09,0.09,0.07,0.04,0.03,0.06
2025-09,73.81,10.37,5.69,4.45,2.11,1.31,0.66,0,0.52,0.2,0.44,0.13,0.08,0.07,0.06,0.03,0.03,0.05
2025-10,78.14,8.69,4.62,3.87,2.01,1.03,0.51,0,0.45,0.16,0.17,0.1,0.07,0.06,0.05,0.03,0.02,0.03
2025-11,75.16,9.94,5.28,4.26,2.21,1.19,0.58,0,0.52,0.19,0.24,0.12,0.08,0.07,0.05,0.04,0.02,0.04
2025-12,75.58,9.49,5.35,4.3,2.12,1.16,0.62,0,0.48,0.2,0.23,0.12,0.09,0.12,0.04,0.04,0.03,0.04
2026-01,76.38,9.11,5.3,4.05,2.22,1.16,0.56,0,0.42,0.2,0.16,0.11,0.09,0.11,0.04,0.04,0.02,0.04
2026-02,73.26,11,6.18,4.2,2.23,1.37,0.51,0,0.53,0.19,0.04,0.12,0.11,0.09,0.05,0.05,0.03,0.04
2026-03,69.37,12.75,7.13,4.58,2.58,1.63,0.58,0,0.64,0.21,0.02,0.12,0.15,0.08,0.06,0.05,0.02,0.04
2026-04,71.56,11.51,6.17,4.21,2.27,1.46,0.51,1.07,0.52,0.19,0.04,0.12,0.18,0.05,0.05,0.04,0.02,0.04
2026-05,75.05,9.85,5.31,3.79,1.97,1.24,0.45,1.33,0.36,0.18,0.04,0.1,0.15,0.05,0.04,0.04,0.02,0.04
2026-06,72.06,10.49,5.19,6.44,1.81,1.24,0.4,1.41,0.31,0.17,0.03,0.11,0.16,0.05,0.04,0.04,0.02,0.04
2026-07,70.67,11.14,5.66,6.43,2,0.91,0.52,1.6,0.4,0.18,0.02,0.11,0.18,0.05,0.04,0.04,0.01,0.04
2026-08,73.17,10.51,5.28,5.31,1.98,0.83,0.4,1.53,0.36,0.17,0.02,0.09,0.15,0.07,0.04,0.04,0.01,0.04
2026-09,65.09,14.64,8.06,6.11,2.38,1.12,0.47,0.57,0.48,0.14,0.02,0.56,0.13,0.05,0.05,0.06,0.01,0.03
