"Date","Chrome for Android","Safari iPhone","Chrome for iPhone","Chrome 139.0","Chrome 142.0","Chrome 143.0","Chrome 112.0","Chrome 145.0","Chrome 141.0","Chrome 140.0","Chrome 144.0","Chrome 149.0","Chrome 148.0","Chrome 147.0","Chrome 146.0","Chrome 126.0","Chrome 150.0","Chrome 138.0","Samsung Internet 29.0","Brave 0","Chrome 151.0","Chrome 109.0","Android 0","Chrome 125.0","Safari 18.6","Chrome 134.0","Edge 143","Safari iPad","Samsung Internet 28.0","Chrome 152.0","Samsung Internet 30.0","Edge 142","Edge 141","Chrome 131.0","Edge 140","Edge 144","Chrome 153.0","Edge 139","Edge 146","Edge 145","Edge 148","Edge 149","Edge 150","Chrome iPad","Edge 147","Chrome 120.0","Edge 151","Chrome 130.0","Safari 26.5","360 Safe Browser 0","Chrome 133.0","Chrome 105.0","Chrome 116.0","Chrome 118.0","Safari 26.3","Chrome 137.0","Safari 26.2","Firefox 147.0","Chrome 103.0","Edge 138","Chrome 117.0","Chrome 124.0","Chrome 111.0","Firefox 146.0","Safari 17.6","Firefox 115.0","Edge 153","UC Browser 13.4","Safari 16.6","Firefox 143.0","Chrome 110.0","Firefox 152.0","Edge 152","Firefox 144.0","Chrome 107.0","Firefox 145.0","Firefox 142.0","Safari 26.6","Chrome 119.0","Safari 18.5","Chrome 106.0","Chrome 108.0","Firefox 148.0","Chrome 104.0","Firefox 150.0","Firefox 149.0","Firefox 151.0","Chrome 136.0","Opera 122.0","Safari 17.1","Chrome 132.0","Firefox 153.0","Safari 18.7","Opera 120.0","Firefox 141.0","Firefox 140.0","Firefox 121.0","Safari 26.4","Chrome 114.0","Safari 15.6","Opera 93.0","Chrome 128.0","Opera 95.0","Safari 26.1","Safari 26.0","Chrome 122.0","Opera 125.0","Yandex Browser 25.8","IE 11.0","Opera 91.0","Opera 100.0","Chrome 135.0","Opera 92.0","Opera 94.0","Edge 120","UC Browser 15.1","Mozilla 0","Opera 124.0","Opera 131.0","Opera 99.0","Yandex Browser 25.12","Chrome 154.0","Opera 127.0","Opera 98.0","Chrome 127.0","Opera 126.0","Chrome 129.0","Opera 133.0","Firefox 154.0","Opera 96.0","Whale 1.0","Chrome 123.0","Firefox 118.0","Opera 90.0","Opera 97.1","Edge 119","Firefox 120.0","Yandex Browser 25.10","Chrome 121.0","Safari 18.3","Firefox 155.0","Chrome 79.0","Safari 17.5","Samsung Internet 27.0","Opera 130.0","Samsung Internet 26.0","Firefox 156.0","Opera 96.1","Yandex Browser 26.3","Opera 129.0","Opera 123.0","Edge 109","Opera 128.0","Sogou Explorer 0","Opera 132.0","UC Browser 15.2","Opera 135.0","Opera 97.0","UC Browser 18.1","Firefox 128.0","Opera 99.3","Firefox 11.0","Opera 121.0","Firefox 135.0","Chrome 48.0","Chrome 98.0","Yandex Browser 26.4","Chrome 49.0","Opera 99.4","UC Browser 15.0","UC Browser 18.0","Chrome 52.0","Yandex Browser 26.6","Chrome 56.0","Safari 17.4","Firefox 136.0","Unknown 0","Edge 154","Chrome 45.0","Chrome 87.0","Chrome 53.0","Chrome 58.0","Chrome 115.0","Chrome 47.0","Chrome 83.0","Chrome 41.0","Firefox 133.0","Chrome 55.0","Chrome 60.0","Chrome 57.0","Opera 134.0","Yandex Browser 24.10","Chrome 51.0","Safari 18.1","Chrome 50.0","Chrome 59.0","Chrome 43.0","UC Browser 18.2","Chrome 54.0","Chrome 42.0","Chrome 46.0","Chrome 40.0","UC Browser 18.4","Chrome 39.0","Chrome 44.0","Opera 99.1","Safari 18.4","Opera 99.5","Edge 131","Opera 99.2","Safari 14.1","Opera 101.0","Edge 137","Opera Mini 4.4","Chrome 70.0","Yandex Browser 26.8","Samsung Internet 25.0","Safari 13.1","QQ Browser 19.4","Safari 604.1","Firefox 43.0","QQ Browser 19.7","Edge 134","Coc Coc 155.0","Pale Moon 33.6","Safari 16.3","Chrome 69.0","Edge 114","Chrome 81.0","Samsung Internet 24.0","UC Browser 18.8","QQ Browser 19.8","UC Browser 18.9","UC Browser 18.5","Chrome 113.0","Safari 537.36","Safari 605.1","Edge 136","Firefox 125.0","QQ Browser 19.5","Yandex Browser 25.6","Edge 135","Firefox 127.0","Samsung Internet 23.0","Chrome 99.0","Firefox 132.0","Instabridge 0","QQ Browser 19.3","QQ Browser 19.6","Coc Coc 151.0","Safari 17.3","Chrome 91.0","Edge 122","Coc Coc 149.0","UC Browser 17.8","Firefox 131.0","Edge 133","Chrome 101.0","Coc Coc 145.0","UC Browser 18.6","Firefox 134.0","Safari 16.5","UC Browser 14.8","Opera 85.0","Firefox 130.0","Samsung Internet 21.0","Chrome 66.0","Firefox 126.0","Firefox 52.0","Safari 18.2","Samsung Internet 22.0","QQ Browser 19.9","Chrome 93.0","Safari 16.1","QQ Browser 20.1","Safari 18.0","Chrome 92.0","Other"
2025-08,43.02,12,2.28,7.35,0,0,2.94,0,0.01,0.02,0,0,0,0,0,0.47,0,7.2,0,0.84,0,0.72,1.28,0.43,0.82,0.35,0,0.48,1.61,0,0,0,0,0.26,0.01,0,0,2.84,0,0,0,0,0,0.26,0,0.11,0,0.11,0,0.33,0.07,0.81,0.07,0.06,0,0.54,0,0,0.09,1.6,0.12,0.06,0.03,0,0.14,0.17,0,0.18,0.15,0,0.01,0,0,0,0.01,0,0.47,0,0.05,0.59,0.01,0.03,0,0.03,0,0,0,0.16,0,0.11,0.18,0,0,0.64,1,0.06,0,0,0.07,0.11,0.19,0.08,0.03,0,0.02,0.07,0,0.12,0.35,0.16,0,0.13,0.03,0.13,0.04,0,0.07,0,0,0,0,0,0,0,0.04,0,0.04,0,0,0,0.07,0.08,0.12,0.38,0,0,0,0,0.04,0.06,0,0.07,0.04,0.07,0,0.05,0,0,0,0,0,0.04,0,0.03,0,0,0,0,0,0.09,0,0.03,0.01,0.01,0.02,0.04,0,0.02,0,0,0.13,0.01,0,0.02,0.02,0.02,0.02,0,0.01,0.04,0.01,0.01,0.08,0.01,0.04,0.01,0.02,0.01,0.01,0.01,0,0.03,0.01,0.03,0.01,0.01,0.01,0,0.01,0.01,0.01,0.01,0,0.01,0.01,0,0.04,0,0.03,0,0.03,0,0.06,0.05,0.01,0,0.03,0.03,0.01,0.03,0,0,0.05,0,0.01,0.02,0.01,0.02,0.04,0.02,0,0,0,0,0.01,0.01,0.01,0.04,0.01,0.02,0.15,0.03,0,0.02,0.02,0,0.02,0.09,0,0,0.01,0.02,0.01,0,0.12,0,0.02,0.02,0.01,0,0.01,0.01,0.13,0.02,0,0.01,0.02,0,0.03,0.01,0.01,0,0.01,0.02,0,0.01,0.01,1.79
2025-09,42.39,11.03,2.1,4.86,0.01,0,2.9,0,0.02,8.82,0,0,0,0,0,2.46,0,1.85,0,0.79,0,0.66,1.03,0.33,1.15,1.5,0,0.43,1.52,0,0,0,0.01,0.19,2.89,0,0,1.2,0,0,0,0,0,0.24,0,0.09,0,0.1,0,0.28,0.07,0.38,0.09,0.05,0,0.4,0,0,0.09,0.09,0.09,0.09,0.11,0,0.13,0.15,0,0.14,0.13,0.55,0.02,0,0,0,0.09,0,0.89,0,0.06,0.14,0.01,0.04,0,0.02,0,0,0,0.12,0.11,0.09,0.13,0,0.02,0.36,0.04,0.04,0,0,0.09,0.09,0.03,0.1,0.09,0,0.12,0.09,0,0.29,0.14,0.37,0,0.1,0.02,0.19,0.03,0,0.05,0,0,0,0,0,0,0,0.03,0,0.08,0,0,0,0.05,0.07,0.11,0.05,0,0,0,0,0.04,0.06,0,0.07,0.04,0.06,0,0.04,0,0,0,0,0,0.04,0,0.03,0,0,0,0,0.08,0.07,0,0.03,0.26,0.01,0.02,0.04,0,0.02,0,0,0.14,0.01,0,0.02,0.02,0.02,0.02,0,0.01,0.04,0.01,0.01,0.03,0.01,0.04,0.01,0.02,0.01,0.01,0.01,0,0.03,0.01,0.03,0.01,0.01,0.01,0,0.01,0.01,0.01,0.01,0,0.01,0.01,0,0.03,0,0.03,0,0.02,0,0.04,0.04,0.01,0,0.03,0.02,0.08,0.02,0.03,0,0.04,0,0.01,0.02,0.01,0.03,0.04,0.02,0,0,0,0,0.02,0.01,0.01,0.03,0.01,0.01,0.01,0.02,0,0.02,0.01,0,0.02,0.04,0.02,0,0.01,0.02,0.02,0,0.01,0,0.02,0.02,0.05,0,0.01,0.01,0.01,0.01,0,0.01,0.02,0,0.01,0.01,0.01,0,0.01,0.01,0,0.01,0.01,1.51
2025-10,36.41,10.57,2.03,0.68,0.14,0.01,2.09,0,9.49,4.48,0,0,0,0,0,6.13,0,0.45,0.11,0.73,0,0.59,0.67,3.34,0.94,2.59,0,0.4,1.35,0,0,0.01,3.26,0.16,0.85,0,0,0.08,0,0,0,0,0,0.23,0,0.1,0,1.33,0,0.25,0.05,0.16,0.06,0.15,0,0.25,0,0,0.07,0.05,0.09,0.06,0.08,0,0.13,0.14,0,0.14,0.12,0.75,0.11,0,0,0.65,0.01,0,0.04,0,0.04,0.12,0.04,0.02,0,0.03,0,0,0,0.08,0.7,0.09,0.09,0,0.07,0.07,0.02,0.05,0,0,0.2,0.08,0.02,0.11,0.19,0.01,0.31,0.12,0,0.26,0.06,0.15,0,0.06,0.25,0.03,0.03,0,0.05,0,0,0,0,0,0,0,0.07,0,0.08,0,0,0.06,0.04,0.06,0.1,0.03,0,0,0,0.05,0.1,0.05,0,0.06,0.04,0.05,0,0.04,0,0,0,0,0.01,0.03,0,0.03,0,0,0,0,0.19,0.05,0,0.03,0.08,0.01,0.02,0.04,0,0.02,0,0.05,0.02,0.01,0,0.01,0.02,0.01,0.02,0,0.01,0.03,0.01,0.01,0.02,0.01,0.04,0.01,0.05,0.01,0.01,0.01,0,0.03,0.01,0.02,0.01,0.01,0.01,0,0.01,0.01,0.01,0.01,0,0.01,0.01,0,0.03,0,0.02,0,0.02,0,0.03,0.03,0.01,0,0.02,0.02,0.07,0.02,0.1,0.02,0.03,0,0.01,0.02,0.01,0.02,0.04,0.02,0,0,0,0,0.05,0.01,0.01,0.02,0.01,0.05,0.01,0.02,0,0.02,0.01,0,0.02,0.01,0.01,0,0.01,0.02,0.02,0,0.01,0,0.01,0.01,0.04,0,0.01,0.01,0,0.01,0,0.01,0.02,0,0.01,0.01,0.01,0,0.01,0.01,0,0.01,0.02,1.17
2025-11,38.98,11.49,2.25,3.44,11.23,0.04,2.3,0,3.77,0.68,0.01,0,0,0,0,0.53,0,0.33,1.38,0.79,0,0.73,0.66,0.49,0.92,1.09,0.01,0.45,0.21,0,0,3.81,0.6,0.29,0.08,0,0,0.04,0,0,0,0,0,0.26,0,0.2,0,0.89,0,0.27,0.07,0.17,0.07,0.1,0,0.48,0.01,0,0.08,0.04,0.14,0.08,0.09,0.01,0.14,0.15,0,0.14,0.13,0.04,0.17,0,0,0.7,0.07,0.82,0.02,0,0.05,0.12,0.11,0.04,0,0.02,0,0,0,0.07,0.29,0.1,0.1,0,0.11,0.01,0.01,0.09,0,0,0.2,0.09,0.06,0.15,0.06,0.23,0.2,0.1,0,0.09,0.09,0.02,0,0.07,0.38,0.01,0.04,0,0.06,0.17,0,0,0,0,0,0,0.16,0,0.13,0,0,0.12,0.05,0.08,0.12,0.02,0,0.01,0,0.24,0.12,0.05,0,0.07,0.04,0.05,0,0.04,0,0.15,0,0,0.42,0.03,0,0.03,0,0,0,0,0.05,0.02,0,0.05,0,0.01,0.01,0.04,0,0.01,0,0.05,0.02,0.01,0,0.01,0.02,0.01,0.02,0,0.01,0.04,0.01,0.01,0.04,0.01,0.05,0.01,0,0.01,0.01,0.01,0,0.03,0.01,0.03,0.01,0.01,0.01,0.17,0.01,0.01,0.01,0.01,0,0.01,0.01,0,0.03,0,0.02,0,0.02,0,0.02,0.04,0,0,0.02,0.02,0.02,0.02,0.04,0.01,0.01,0,0.02,0.02,0.02,0.04,0.02,0.02,0,0.01,0,0,0.06,0.01,0.01,0.02,0.01,0.07,0,0.02,0,0.02,0.02,0.01,0.02,0.01,0.06,0,0.01,0.02,0.01,0,0.01,0,0.01,0.01,0.03,0,0.01,0.01,0,0.01,0,0.01,0.02,0,0.01,0.01,0.01,0,0.01,0.01,0,0.01,0.02,1.2
2025-12,41.05,11.95,2.43,3.6,6.12,8.53,1.63,0.01,0.6,0.27,0.04,0,0,0,0,0.73,0,0.28,1.5,0.75,0,0.72,0.74,0.59,0.8,0.14,2.9,0.44,0.12,0,0,1.23,0.08,0.37,0.04,0.01,0,0.03,0,0,0,0,0,0.26,0,0.27,0,0.17,0,0.28,0.2,0.25,0.15,0.06,0,0.08,0.09,0.01,0.11,0.03,0.15,0.13,0.15,0.89,0.15,0.15,0,0.13,0.14,0.02,0.1,0,0,0.03,0.19,0.6,0.01,0,0.03,0.1,0.12,0.1,0,0.06,0,0,0,0.06,0.01,0.09,0.09,0,0.13,0,0.01,0.1,0,0,0.13,0.08,0.39,0.08,0.04,0.36,0.06,0.16,0.22,0.01,0.08,0.01,0,0.07,0.05,0.02,0.03,0,0.05,0.56,0,0,0.09,0,0,0,0.13,0.01,0.07,0,0,0.01,0.05,0.09,0.12,0.02,0.05,0,0,0.19,0.06,0.05,0,0.07,0.04,0.04,0,0.04,0,0.22,0,0,0.01,0.03,0,0.05,0,0,0,0.03,0.02,0.01,0,0.05,0,0.01,0.01,0.04,0,0.01,0,0,0.01,0.01,0,0.01,0.02,0.01,0.02,0,0.01,0.03,0.01,0.01,0.03,0.01,0.04,0.01,0,0.01,0.01,0.01,0,0.02,0.01,0.02,0.01,0.01,0.01,0.08,0.01,0.01,0.01,0.01,0.04,0.01,0.01,0,0.03,0,0.02,0,0.02,0,0.02,0.04,0,0,0.02,0.02,0.01,0.02,0.01,0.08,0.01,0,0.02,0.02,0.03,0.01,0.01,0.02,0,0.01,0,0,0.01,0.01,0.01,0.01,0,0.01,0,0.01,0,0.02,0.02,0,0.02,0.01,0.06,0,0.01,0.01,0.01,0,0,0,0.01,0.01,0.01,0,0.01,0.01,0,0.01,0,0.01,0.02,0,0.01,0.01,0.01,0.01,0.01,0.01,0,0.01,0.01,1.22
2026-01,38.74,11.76,2.47,3.35,1.3,10.44,2.72,0.02,0.4,0.18,3.78,0,0,0,0,0.05,0,0.24,1.5,0.79,0,0.79,0.66,0.24,0.59,0.07,2.58,0.46,0.09,0,0,0.09,0.05,0.71,0.03,1.6,0,0.02,0,0,0,0,0,0.28,0,0.31,0,0.1,0,0.27,0.53,0.28,0.45,0.05,0.01,0.06,0.63,0.74,0.26,0.02,0.28,0.23,0.29,0.75,0.15,0.13,0,0.12,0.14,0.02,0.23,0,0,0.01,0.23,0.03,0.01,0,0.04,0.09,0.21,0.23,0,0.23,0,0,0,0.09,0,0.1,0.14,0,0.11,0,0.01,0.12,0,0,0.08,0.08,0.24,0.08,0.03,0.17,0.05,0.09,0.59,0.01,0.06,0.01,0,0.07,0.02,0.19,0.02,0,0.05,0.01,0,0,0.26,0,0,0,0.05,0.22,0.07,0,0,0.01,0.05,0.06,0,0.01,0.27,0,0,0.02,0.05,0.04,0,0.07,0.04,0.04,0,0.03,0,0.04,0,0,0,0.03,0,0.05,0,0,0,0.01,0.01,0.01,0,0.07,0,0.01,0.02,0.05,0,0.01,0,0.11,0.01,0.01,0,0.01,0.03,0.01,0.02,0,0.01,0.03,0.01,0.01,0.03,0.01,0.04,0.01,0.01,0.01,0.01,0.01,0,0.02,0.01,0.02,0.01,0.01,0.01,0.01,0.01,0.01,0.01,0.01,0.17,0.01,0.01,0,0.02,0,0.02,0,0.02,0,0.01,0.03,0.01,0,0.02,0.02,0.01,0.02,0.01,0.08,0.01,0,0.02,0.02,0.03,0.01,0.01,0.01,0,0.05,0,0.02,0.01,0.02,0.01,0.01,0,0.01,0,0.01,0,0.01,0.04,0,0.01,0,0.01,0,0.01,0.02,0.01,0.03,0,0,0.01,0.01,0,0,0,0.01,0,0.01,0,0.01,0.02,0,0.01,0.01,0.01,0.01,0.01,0.01,0,0.01,0.01,1.29
2026-02,38.68,13.07,2.77,1.1,0.47,1.07,1.31,5.28,0.14,0.08,10.13,0,0,0,0.02,0.04,0,0.26,1.69,0.91,0,0.91,0.4,0.04,0.36,0.05,0.18,0.49,0.09,0,0,0.05,0.04,0.83,0.02,2.97,0,0.02,0,1.89,0,0,0,0.32,0,0.31,0,0.06,0,0.24,0.69,0.28,0.59,0.01,0.27,0.05,1.07,1.54,0.35,0.03,0.3,0.3,0.29,0.05,0.17,0.15,0,0.09,0.15,0.01,0.27,0,0,0.01,0.28,0.02,0.01,0,0.02,0.08,0.28,0.28,0.14,0.29,0,0,0,0.06,0,0.11,0.06,0,0.07,0,0.01,0.1,0,0,0.06,0.09,0.03,0.06,0.21,0.06,0.03,0.04,0.01,0,0.01,0.01,0,0.05,0.01,0.21,0.02,0.08,0.05,0,0,0,0.3,0,0.4,0.1,0.02,0.47,0.03,0,0,0.01,0.06,0.02,0,0.01,0.19,0,0,0.01,0.02,0.04,0,0.02,0.06,0.04,0,0.04,0,0.02,0,0,0,0.04,0,0.04,0,0,0,0,0.01,0.01,0,0.01,0,0.01,0.01,0.01,0,0.01,0,0.1,0,0,0,0,0.03,0.02,0.02,0,0,0.01,0,0,0.01,0,0.01,0,0,0,0,0,0,0.03,0,0.02,0,0,0,0.01,0,0,0,0,0.03,0,0,0,0.02,0,0.02,0,0.02,0,0.01,0,0,0,0.02,0.02,0,0.02,0,0.01,0.01,0,0.02,0.02,0.02,0.01,0.01,0.01,0,0.1,0,0.13,0,0,0.02,0.01,0,0,0,0.01,0,0.01,0.02,0,0.01,0,0,0,0.01,0.01,0.01,0.06,0,0,0.01,0.01,0,0,0.01,0.01,0,0.01,0,0.01,0.01,0,0.01,0.01,0.01,0.01,0.01,0.01,0.01,0.01,0.01,0.95
2026-03,41.12,14.29,2.94,0.35,0.21,0.32,0.14,9.35,0.08,0.07,0.94,0,0.01,0.02,6.99,0.04,0,0.22,1.78,0.99,0,0.64,0.3,0.02,0.32,0.05,0.08,0.52,0.08,0,0,0.03,0.02,0.23,0.02,0.21,0,0.01,2.5,2.67,0,0,0,0.33,0,0.09,0,0.06,0,0.25,0.15,0.06,0.17,0.01,1.3,0.05,0.26,0.11,0.12,0.02,0.07,0.08,0.07,0.02,0.18,0.15,0,0.13,0.16,0.01,0.06,0,0,0.01,0.07,0.01,0.01,0,0.02,0.07,0.07,0.07,1.41,0.06,0,0.28,0,0.05,0,0.11,0.04,0,0.07,0,0,0.1,0,0.05,0.04,0.09,0.02,0.06,0.22,0.04,0.03,0.04,0,0,0.01,0.01,0,0.05,0.01,0.02,0.02,0.2,0.05,0,0,0.16,0.12,0,0.44,0.17,0.01,0.01,0.01,0,0,0.27,0.06,0.01,0,0.01,0.05,0,0,0.01,0.02,0.04,0,0.01,0.04,0.03,0,0.03,0,0.01,0.22,0.03,0,0.04,0.44,0.03,0,0,0,0,0,0.01,0,0,0,0.01,0.04,0,0,0.04,0,0.02,0,0.04,0,0.04,0.03,0.02,0.03,0,0.04,0.01,0.04,0.04,0.01,0.04,0,0.04,0,0.04,0.04,0.04,0,0.03,0.04,0.02,0.04,0.04,0.04,0,0.04,0.04,0.04,0.04,0.02,0.04,0.04,0,0.02,0,0.02,0,0.02,0,0.01,0,0,0,0.01,0.02,0,0.02,0,0.01,0.01,0,0.02,0.02,0.01,0.01,0,0.01,0,0.02,0,0.05,0,0,0.02,0.01,0,0,0,0.01,0,0.01,0.01,0,0.01,0,0,0.01,0.01,0.01,0.01,0.05,0,0,0.01,0.01,0,0.11,0,0.01,0,0.01,0,0.01,0,0,0.01,0.01,0.01,0.09,0.01,0.01,0.01,0.01,0.01,0.97
2026-04,39.85,13.72,2.84,0.18,0.78,0.14,1.15,0.94,0.08,0.09,0.4,0.01,0.02,8.58,7.15,0.04,0,0.21,1.72,0.94,0,0.71,0.47,0.1,0.23,0.05,0.05,0.5,0.07,0,0.01,0.02,0.01,0.39,0.02,0.06,0,0.01,2.47,0.12,0,0,0,0.3,2.51,0.21,0,0.06,0.01,0.23,0.37,0.17,0.38,0.01,1.06,0.05,0.17,0.03,0.23,0.02,0.17,0.18,0.21,0.01,0.14,0.13,0,0.12,0.13,0.01,0.17,0,0,0.01,0.17,0.01,0.01,0,0.02,0.05,0.17,0.18,0.08,0.17,0.37,1.25,0,0.07,0,0.1,0.05,0,0.12,0,0,0.1,0,0.32,0.03,0.08,0.01,0.05,0.04,0.03,0.02,0.05,0,0,0.01,0,0,0.05,0.01,0.01,0.02,0.22,0.06,0,0,0.24,0.01,0,0.01,0.03,0.02,0,0.01,0,0,0.18,0.05,0.02,0,0.01,0.02,0,0,0.01,0.02,0.04,0,0.01,0.04,0.03,0.25,0.03,0,0.01,0.28,0.52,0,0.03,0.08,0.02,0,0,0,0.26,0,0.01,0,0.04,0,0.01,0.03,0,0.02,0.03,0,0.01,0,0.03,0,0.03,0.02,0.01,0.03,0,0.03,0.01,0.03,0.03,0.01,0.03,0,0.03,0,0.03,0.03,0.03,0,0.02,0.03,0.02,0.03,0.03,0.03,0,0.03,0.03,0.03,0.03,0.01,0.03,0.03,0.1,0.02,0,0.02,0,0.02,0,0.01,0,0,0,0.01,0.02,0,0.02,0,0,0.01,0,0.02,0.01,0,0.01,0,0.01,0.01,0.01,0,0.01,0.01,0,0.02,0.01,0,0,0,0.01,0,0.01,0,0,0.01,0,0,0.09,0.01,0.01,0.01,0.02,0,0,0.01,0.01,0,0.05,0,0.01,0,0.01,0,0.01,0,0,0.01,0.01,0.01,0.02,0.01,0.01,0.02,0.01,0,1.02
2026-05,38.91,12.69,2.66,0.1,0.9,0.11,0.9,0.86,0.06,0.08,0.3,0.03,8.46,6.13,0.58,0.04,0.01,0.17,1.36,0.84,0,0.73,0.51,0.52,0.19,0.05,0.02,0.46,0.07,0,0.27,0.02,0.01,0.57,0.02,0.04,0,0.01,0.09,0.06,2.99,0.01,0,0.28,1.52,0.29,0,0.06,0.28,0.22,0.52,0.24,0.52,1.18,0.42,0.08,0.12,0.02,0.3,0.02,0.29,0.28,0.29,0.01,0.12,0.12,0,0.11,0.11,0.01,0.24,0,0,0.01,0.24,0.01,0.01,0,0.03,0.04,0.24,0.24,0.03,0.25,1.05,0.05,0.45,0.04,0,0.09,0.05,0,0.12,0,0.01,0.1,0.01,0.63,0.03,0.07,0.01,0.05,0.03,0.02,0.02,0.03,0,0,0.01,0,0,0.04,0,0.01,0.02,0.19,0.05,0,0.43,0.03,0.01,0,0,0.28,0.02,0,0.02,0,0,0.02,0.04,0.03,0,0.01,0.01,0.01,0.01,0,0.02,0.03,0,0.03,0.03,0.02,0.32,0.04,0,0,0.05,0.01,0,0.03,0,0.02,0,0,0,0.14,0,0.01,0,0.04,0,0.01,0.09,0.03,0.19,0.09,0,0.01,0,0.09,0,0.09,0.02,0.01,0.03,0,0.09,0.02,0.09,0.09,0.01,0.09,0,0.09,0.01,0.09,0.09,0.09,0,0.01,0.09,0.02,0.09,0.09,0.09,0,0.09,0.09,0.09,0.09,0.01,0.09,0.09,0.19,0.01,0,0.02,0.12,0.02,0,0.01,0,0.02,0,0.01,0.01,0,0.01,0,0,0.01,0,0.01,0.01,0.01,0.03,0.01,0.01,0.13,0.01,0,0.01,0,0.03,0.02,0.01,0.01,0,0,0.01,0.01,0.01,0.01,0,0.01,0,0,0.08,0.01,0.01,0.03,0,0,0,0.01,0.01,0,0.01,0.01,0.01,0,0.01,0,0.01,0,0,0.01,0.01,0.01,0.01,0.01,0.01,0.07,0.01,0,1.02
2026-06,41.44,12.41,2.64,0.18,0.46,0.09,0.13,0.42,0.05,0.05,0.28,8.74,5.52,0.47,0.5,0.05,0.04,0.16,0.23,0.84,0.01,0.63,0.35,0.41,0.16,0.06,0.02,0.47,0.08,0,1.41,0.01,0.01,0.36,0.01,0.02,0,0.01,0.04,0.03,1.22,3.28,0.01,0.27,0.08,0.45,0,0.06,1.15,0.19,0.31,0.13,0.3,1.01,0.12,0.08,0.07,0.02,0.2,0.02,0.16,0.2,0.16,0.01,0.12,0.12,0,0.14,0.1,0.01,0.13,0.55,0,0.01,0.13,0.01,0.01,0,0.28,0.03,0.14,0.14,0.02,0.15,0.06,0.02,0.93,0.04,0,0.09,0.07,0,0.1,0,0.01,0.08,0.26,0.09,0.04,0.06,0.01,0.07,0.03,0.02,0.02,0.04,0,0,0.01,0,0.01,0.04,0,0.01,0.14,0.19,0.05,0,0.39,0.35,0,0,0,0.13,0.03,0,0.03,0.01,0,0.01,0.04,0.02,0,0.01,0.01,0.13,0.13,0,0.02,0.03,0,0.03,0.03,0.03,0.01,0.05,0,0,0.01,0,0,0.03,0,0.02,0.25,0,0,0.02,0,0.07,0.21,0.03,0,0.08,0.09,0.02,0.17,0.09,0,0.01,0,0.09,0.03,0.08,0.02,0.11,0.03,0,0.08,0.02,0.08,0.08,0.01,0.08,0,0.08,0.09,0.08,0.08,0.08,0,0.01,0.08,0.02,0.08,0.08,0.08,0,0.08,0.08,0.08,0.08,0,0.08,0.08,0.02,0.01,0,0.01,0.14,0.02,0,0.01,0,0.04,0,0.02,0.01,0,0.01,0,0,0.01,0,0.02,0.01,0.01,0.01,0.01,0.01,0.07,0.01,0.08,0.01,0,0.04,0.01,0.01,0.09,0,0,0.01,0.09,0.01,0.01,0.08,0.01,0,0,0.02,0.01,0.01,0.01,0,0,0.09,0.01,0.01,0,0.01,0.06,0.01,0,0.01,0.08,0.01,0,0.08,0.01,0.01,0.01,0.01,0.01,0.01,0.01,0.01,0.01,1.11
2026-07,42.87,13.37,2.79,0.19,0.26,0.07,0.09,0.91,0.05,0.04,0.1,5.06,0.72,0.22,0.11,0.03,9.19,0.13,0.15,0.62,0.14,0.58,0.24,0.09,0.16,0.04,0.02,0.5,0.08,0.01,1.58,0.01,0.01,0.27,0.01,0.02,0,0.01,0.02,0.02,0.06,0.92,3.66,0.29,0.07,0.51,0.01,0.03,1.35,0.24,0.21,0.09,0.21,0.21,0.08,0.08,0.06,0.01,0.15,0.01,0.09,0.17,0.1,0.01,0.13,0.12,0,0.17,0.1,0.01,0.09,1.15,0,0.01,0.09,0,0,0.02,0.37,0.03,0.09,0.09,0.01,0.09,0.03,0.01,0.05,0.25,0,0.09,0.07,0.36,0.11,0,0,0.08,0.35,0.05,0.03,0.06,0,0.06,0.03,0.01,0.01,0.04,0,0,0.01,0,0.44,0.04,0,0,0.19,0.04,0.05,0,0.06,0.09,0,0,0,0.03,0.01,0,0.01,0.4,0,0.01,0.04,0.02,0,0.01,0.01,0.18,0.17,0,0.01,0.03,0,0.02,0.04,0.03,0,0.04,0,0,0.01,0,0,0.03,0,0.02,0.24,0.17,0,0.01,0,0.05,0.2,0,0,0.14,0.03,0.02,0.04,0.03,0.22,0.01,0,0.03,0.19,0.02,0.02,0.08,0.03,0,0.02,0.02,0.02,0.02,0.01,0.02,0,0.02,0.07,0.02,0.02,0.02,0.01,0.02,0.02,0.02,0.02,0.02,0.02,0,0.02,0.02,0.02,0.02,0,0.02,0.02,0.01,0.01,0,0.01,0.02,0.02,0.01,0.01,0,0.07,0,0.02,0.01,0,0.01,0,0,0.01,0.1,0.02,0.01,0.01,0,0.01,0.01,0.01,0,0.12,0,0,0.04,0.01,0.01,0.06,0,0,0.01,0.07,0.01,0.01,0.06,0.01,0,0,0,0.01,0.01,0.01,0,0,0.06,0.01,0.01,0,0,0.04,0.01,0,0.01,0.06,0.01,0,0.06,0.01,0.01,0.01,0,0.01,0.01,0.01,0.01,0,1
2026-08,40.56,12.83,2.83,0.06,0.24,0.04,0.06,4.06,0.05,0.05,0.33,1.58,0.34,0.18,0.11,0.04,3.87,0.13,0.12,0.57,9.38,0.55,0.24,0.2,0.13,0.04,0.01,0.5,0.07,0.48,1.61,0.01,0.01,0.19,0.01,0.03,0.02,0.01,0.03,0.02,0.03,0.06,0.58,0.3,0.03,0.52,3.71,0.03,0.77,0.2,0.14,0.05,0.14,0.23,0.06,0.15,0.05,0.02,0.11,0.01,0.06,0.14,0.08,0.01,0.13,0.13,0,0.14,0.1,0.01,0.06,0.09,0.21,0,0.05,0,0,0.66,0.42,0.03,0.05,0.06,0.01,0.05,0.03,0.01,0.02,0.12,0,0.09,0.17,0.99,0.11,0,0,0.08,0.41,0.05,0.03,0.06,0,0.05,0.03,0.01,0.01,0.04,0,0,0.01,0.03,0.48,0.04,0,0,0.22,0.01,0.04,0,0,0.03,0,0,0,0.02,0.02,0,0.01,0.32,0.53,0.01,0.04,0.02,0,0.03,0.01,0.2,0.22,0,0.02,0.03,0,0.02,0.04,0.03,0,0.04,0,0,0,0,0,0.03,0,0.04,0,0.18,0.01,0.01,0,0.01,0.05,0,0,0.13,0.03,0.02,0.01,0.02,0.19,0.01,0,0.02,0.15,0.02,0.03,0.01,0.03,0,0.02,0.02,0.02,0.02,0.01,0.02,0,0.02,0.03,0.02,0.02,0.02,0.27,0.02,0.02,0.01,0.02,0.02,0.02,0,0.02,0.02,0.02,0.02,0,0.02,0.02,0.01,0.01,0.2,0.02,0.01,0.02,0.05,0.01,0,0.06,0.07,0.02,0.01,0,0.01,0,0,0.01,0.09,0.02,0.01,0.04,0,0,0.01,0.01,0,0.02,0,0,0.04,0.02,0.01,0.01,0,0,0.01,0.01,0.01,0.01,0.02,0.01,0,0,0,0.01,0.01,0.01,0,0,0,0.02,0.01,0,0,0,0.01,0,0.01,0,0.01,0,0.01,0.01,0.01,0.01,0,0.01,0.01,0.01,0.01,0,1.16
2026-09,38.69,14.57,3.31,0.07,0.28,0.05,0.08,0.07,0.09,0.09,0.25,0.23,0.24,0.16,0.29,0.03,0.57,0.18,0.12,0.46,2.33,0.6,0.25,0.09,0.15,0.07,0.01,0.54,0.08,7.67,1.89,0.01,0.01,0.2,0.01,0.01,6.43,0.01,0.02,0.01,0.03,0.04,0.1,0.33,0.02,0.36,0.29,0.02,0.27,0.19,0.19,0.08,0.18,0.22,0.07,0.08,0.05,0.01,0.14,0.01,0.08,0.1,0.08,0.01,0.18,0.14,2.52,0.06,0.13,0.01,0.08,0.04,2.05,0,0.08,0,0.01,1.42,0.27,0.03,0.08,0.08,0.01,0.07,0.02,0.01,0.02,0.21,0,0.1,0.02,0.06,0.12,0,0,0.1,0.26,0.06,0.02,0.07,0,0.05,0.03,0.02,0.02,0.03,0,0,0.01,0,0.05,0.07,0,0,0.14,0.01,0.22,0,0,0.01,0,1.04,0,0.01,0.02,0,0.01,0.01,0.25,0,0.04,0.02,0,0.01,0,0.13,0.13,0,0.02,0.03,0.8,0.01,0.04,0.03,0,0.04,0.73,0,0,0,0,0.03,0,0.02,0,0.17,0.6,0,0,0.01,0.02,0,0,0,0.01,0.01,0.01,0.01,0.01,0,0,0,0.02,0,0.05,0.01,0.03,0.46,0,0.01,0,0,0.01,0,0,0,0.01,0,0,0,0.09,0.02,0,0.04,0,0,0,0,0,0,0,0,0,0,0,0,0.01,0.14,0.01,0,0.02,0.31,0.01,0,0.01,0.27,0.02,0.01,0,0.01,0,0,0.01,0.06,0.02,0.01,0,0,0,0.02,0,0,0.01,0,0,0.01,0.02,0.01,0.01,0,0,0.01,0,0.01,0,0,0.01,0,0,0,0.01,0,0.01,0,0,0,0.01,0.01,0,0,0,0.01,0,0.01,0,0.01,0,0,0.01,0.01,0.01,0,0.01,0.01,0.01,0.01,0,1.53
