"Date","Win11","Win10","Win7","WinXP","Win8","Win8.1","WinVista","Other"
2025-08,49.79,46.19,2.2,0.38,1.16,0.23,0.04,0.01
2025-09,52.9,43.78,2.29,0.33,0.48,0.2,0.02,0.01
2025-10,55.18,41.71,2.52,0.22,0.17,0.16,0.02,0
2025-11,53.7,42.7,2.93,0.3,0.2,0.15,0.02,0
2025-12,50.73,44.68,3.83,0.43,0.16,0.15,0.02,0.01
2026-01,62.41,35.77,1.05,0.43,0.16,0.14,0.05,0
2026-02,72.57,26.45,0.62,0.2,0.04,0.1,0.01,0
2026-03,67.14,31.27,1.18,0.11,0.15,0.12,0.02,0
2026-04,70.35,28.47,0.84,0.2,0.03,0.09,0.02,0.01
2026-05,71.84,26.21,1.62,0.2,0.03,0.08,0.02,0.01
2026-06,69.89,28.16,1.64,0.17,0.03,0.09,0.02,0.01
2026-07,68.88,29.88,1.01,0.09,0.02,0.1,0.02,0.01
2026-08,68.6,30.15,0.95,0.14,0.03,0.11,0.02,0.01
2026-09,71.44,27.83,0.55,0.05,0.02,0.09,0.02,0.01
