"Date","iOS 18.6","iOS 18.7","iOS 26.5","iOS 26.3","iOS 26.2","iOS 18.5","iOS 26.6","iOS 26.4","iOS 26.1","iOS 16.7","iOS 11.0","iOS 18.3","iOS 26.0","iOS 15.8","iOS 17.6","iOS 18.1","iOS 18.4","iOS 17.5","iOS 18.2","iOS 18.0","iOS 16.6","iOS 17.4","iOS 16.1","iOS 16.3","iOS 26","iOS 17.7","iOS 17.3","iOS 16.0","iOS 17.1","iOS 27","iOS 16.2","iOS 15.6","iOS 17.2","iOS 12.5","iOS 16.5","iOS 27.0","iOS 17.0","iOS 15.7","iOS 15.5","iOS 15.4","iOS 16.4","iOS 15.0","iOS 13.2","iOS 14.4","iOS 15.3","iOS 15.1","iOS 10.3","iOS 26.7","iOS 19.0","iOS 15.2","iOS 14.6","iOS 14.8","iOS 14.7","iOS 13.6","iOS 11.3","iOS 14.2","iOS 6.0","iOS 12.4","iOS 14.3","iOS 4.3","iOS 14.0","iOS 13.3","iOS 13.5","iOS 13.7","Other"
2025-08,32.54,0,0,0,0,39.35,0,0,0,2.64,4.01,2.94,0.39,2.01,2.26,1.56,1.72,1.21,0.87,0.77,0.68,0.56,0.67,0.59,0,0.49,0.37,0.34,0.33,0,0.34,0.3,0.24,0.25,0.26,0,0.19,0.19,0.19,0.17,0.14,0.11,0.03,0.09,0.08,0.07,0.06,0,0.3,0.06,0.06,0.06,0.05,0.05,0.03,0.03,0.05,0.02,0.02,0.02,0.03,0.02,0.02,0.02,0.15
2025-09,60.1,1.66,0,0,0,11.37,0,0,0.03,2.5,2.96,2.48,2.53,1.88,2.1,1.4,1.35,1.12,0.76,0.69,0.62,0.58,0.63,0.52,0,0.45,0.36,0.32,0.31,0,0.31,0.28,0.23,0.21,0.24,0,0.18,0.17,0.18,0.16,0.13,0.12,0.04,0.09,0.07,0.07,0.07,0,0.1,0.07,0.06,0.05,0.05,0.04,0.03,0.03,0.04,0.02,0.02,0.01,0.02,0.02,0.02,0.01,0.16
2025-10,48.36,14.77,0,0,0,7.65,0,0,0.25,2.32,2.63,2.15,6.85,1.71,1.97,1.25,1.12,1.04,0.68,0.61,0.58,0.58,0.57,0.48,0,0.42,0.34,0.31,0.32,0,0.28,0.26,0.23,0.19,0.23,0,0.21,0.16,0.16,0.14,0.13,0.1,0.05,0.08,0.07,0.06,0.06,0,0.05,0.06,0.05,0.05,0.04,0.04,0.03,0.03,0.04,0.02,0.02,0.01,0.02,0.02,0.02,0.01,0.14
2025-11,42.25,21.49,0,0,0.2,6.95,0,0,4.13,2.27,1.93,1.97,4.81,1.66,1.79,1.14,1.03,0.98,0.62,0.54,0.59,0.52,0.51,0.44,0,0.37,0.32,0.28,0.3,0,0.26,0.24,0.23,0.18,0.2,0,0.24,0.16,0.14,0.14,0.11,0.1,0.05,0.06,0.06,0.06,0.04,0,0.04,0.06,0.05,0.05,0.04,0.04,0.03,0.03,0.04,0.03,0.02,0.01,0.02,0.01,0.02,0.01,0.16
2025-12,29.44,31.17,0,0.09,2.02,6.09,0,0,10.85,2.24,1.78,1.81,1.31,1.68,1.66,1.06,0.94,0.97,0.56,0.52,0.51,0.5,0.49,0.41,0,0.35,0.3,0.26,0.26,0,0.24,0.23,0.2,0.17,0.19,0,0.16,0.16,0.14,0.13,0.11,0.1,0.07,0.06,0.06,0.06,0.04,0,0.02,0.06,0.04,0.05,0.04,0.03,0.02,0.03,0.04,0.03,0.02,0.02,0.02,0.01,0.02,0.01,0.18
2026-01,19.48,24.75,0,0.53,22.94,5.1,0,0,7.86,2.15,2.2,1.62,1,1.61,1.51,0.95,0.81,0.82,0.5,0.45,0.47,0.44,0.44,0.37,0.42,0.31,0.25,0.23,0.24,0,0.22,0.24,0.17,0.19,0.17,0,0.17,0.13,0.13,0.11,0.09,0.08,0.13,0.05,0.05,0.05,0.05,0,0.01,0.04,0.04,0.04,0.03,0.03,0.04,0.02,0.04,0.02,0.02,0.02,0.01,0.01,0.01,0.01,0.15
2026-02,10.17,8.71,0,8.12,48.29,4,0,0.14,3.25,2.17,0.9,1.46,0.73,1.57,1.4,0.87,0.74,0.76,0.47,0.43,0.45,0.39,0.41,0.36,0.92,0.28,0.25,0.22,0.2,0.01,0.21,0.21,0.17,0.18,0.16,0,0.13,0.14,0.12,0.11,0.09,0.07,0.14,0.05,0.05,0.05,0.03,0,0.01,0.04,0.03,0.04,0.03,0.03,0.02,0.02,0.01,0.02,0.01,0.01,0.01,0.02,0.01,0.01,0.09
2026-03,7.92,8.9,0,48.78,11.34,3.37,0,1.84,1.96,1.98,1.32,1.31,0.59,1.37,1.27,0.79,0.65,0.68,0.42,0.39,0.41,0.37,0.36,0.33,0.7,0.25,0.22,0.19,0.18,0,0.19,0.18,0.17,0.14,0.15,0,0.11,0.13,0.11,0.1,0.09,0.07,0.16,0.04,0.04,0.04,0.03,0,0.01,0.04,0.03,0.03,0.03,0.02,0.02,0.02,0,0.02,0.02,0.01,0.01,0.01,0.01,0.01,0.08
2026-04,4.58,11.62,0.48,44.48,7.28,2.64,0,11.66,1.63,2,1.98,1.15,0.53,1.42,1.18,0.72,0.56,0.65,0.39,0.36,0.37,0.36,0.33,0.3,0.69,0.25,0.21,0.18,0.16,0,0.17,0.17,0.14,0.14,0.13,0,0.09,0.12,0.1,0.08,0.07,0.07,0.1,0.04,0.04,0.04,0.03,0,0.01,0.03,0.03,0.03,0.03,0.02,0.02,0.02,0,0.01,0.01,0.01,0.01,0.01,0.01,0.01,0.07
2026-05,3.27,11.13,11.81,16.23,5.14,2.21,0.01,33.25,1.36,1.87,2.48,1.04,0.49,1.35,1.18,0.66,0.49,0.62,0.36,0.34,0.33,0.47,0.28,0.3,0.6,0.23,0.29,0.19,0.16,0.01,0.15,0.15,0.16,0.13,0.12,0,0.1,0.12,0.09,0.08,0.07,0.07,0.11,0.03,0.03,0.03,0.04,0,0.01,0.03,0.06,0.03,0.03,0.02,0.02,0.02,0,0.01,0.01,0.01,0.01,0.01,0.01,0.01,0.09
2026-06,2.72,10.43,54.84,4.32,3.16,1.97,0.34,4.95,1.06,1.94,3.47,1.05,0.46,1.4,1.05,0.63,0.48,0.57,0.35,0.34,0.3,0.32,0.26,0.27,0.56,0.21,0.21,0.17,0.15,0.13,0.14,0.16,0.14,0.14,0.11,0.1,0.1,0.13,0.09,0.07,0.07,0.07,0.12,0.03,0.03,0.03,0.04,0,0,0.03,0.04,0.02,0.02,0.01,0.02,0.02,0,0.01,0.01,0.01,0.01,0.01,0.01,0.01,0.09
2026-07,2.13,10.57,62.93,2.95,2.54,1.64,0.92,2.51,0.93,1.92,1.11,0.9,0.42,1.38,0.9,0.57,0.42,0.53,0.32,0.31,0.26,0.27,0.24,0.25,0.46,0.19,0.17,0.14,0.13,0.3,0.13,0.13,0.12,0.13,0.1,0.23,0.1,0.11,0.08,0.06,0.06,0.06,0.01,0.03,0.03,0.03,0.03,0,0,0.02,0.02,0.02,0.02,0.01,0.02,0.02,0,0.01,0.01,0.01,0.01,0.01,0.01,0.01,0.08
2026-08,1.82,10.38,32.52,2.33,2.07,1.42,34.94,1.8,0.79,1.79,0.77,0.85,0.37,1.27,0.81,0.51,0.43,0.47,0.36,0.27,0.23,0.24,0.22,0.22,0.41,0.17,0.16,0.12,0.12,0.39,0.11,0.11,0.11,0.12,0.09,0.31,0.08,0.11,0.07,0.06,0.06,0.06,0.06,0.03,0.03,0.03,0.04,0,0,0.02,0.02,0.02,0.02,0.01,0.02,0.01,0,0.01,0.01,0.02,0.01,0.01,0.01,0.01,0.08
2026-09,1.84,10.19,9.27,1.89,1.75,1.5,56.61,1.38,0.68,1.56,0.01,1.05,0.29,1.04,0.71,0.44,0.67,0.41,0.62,0.23,0.2,0.21,0.18,0.19,0.38,0.14,0.14,0.11,0.1,2.5,0.09,0.09,0.1,0.08,0.08,1.73,0.07,0.09,0.06,0.05,0.05,0.04,0.06,0.02,0.02,0.02,0.04,0.69,0,0.02,0.01,0.01,0.02,0.01,0.02,0.01,0,0.01,0.01,0.02,0.01,0.01,0.01,0.01,0.16
