"Date","Safari iPad","Chrome for Android","Chrome iPad","Android 0","Chrome 138.0","Samsung Internet 30.0","Samsung Internet 29.0","Edge 143","Kindle 3.0","Instabridge 0","Edge 139","Edge 140","Opera 90.0","Edge 144","Opera 93.0","Opera 92.0","Samsung Internet 26.0","Opera 91.0","Edge 142","Edge 148","Opera 100.0","Yandex Browser 25.8","Edge 138","Edge 146","Edge 141","Opera 94.0","Yandex Browser 25.12","Opera 98.0","Opera 99.0","Opera 96.0","Opera 95.0","Yandex Browser 25.10","Edge 150","Edge 151","Edge 149","Edge 147","Ecosia 0","Puffin 7.7","Samsung Internet 28.0","Opera 97.0","Edge 137","Unknown 0","Opera 101.0","Edge 145","Yandex Browser 26.3","UC Browser 17.1","Opera 97.1","UC Browser 13.4","UC Browser 15.1","Yandex Browser 26.4","Edge 153","Opera 85.0","Yandex Browser 25.7","Yandex Browser 26.6","Opera 96.1","Edge 152","Samsung Internet 24.0","Opera 99.3","Puffin 5.2","Opera 99.4","Firefox 68.0","Yandex Browser 26.8","Puffin 10.5","Edge 131","UC Browser 15.2","UC Browser 12.10","Samsung Internet 27.0","Opera 99.2","Opera 90.1","Opera 99.5","Opera 99.1","Edge 125","Yandex Browser 21.11","Yandex Browser 25.2","Opera 89.0","Opera 79.6","UC Browser 15.0","Yandex Browser 25.6","Other"
2025-08,31.07,30.74,16.59,17.99,0.02,0,0,0,0.12,0.01,0.49,0,0.46,0,0.09,0.01,0,0.18,0,0,0,0.14,0.51,0,0,0.07,0,0,0,0,0,0,0,0,0,0,0.04,0.04,0,0,0.1,0.03,0,0,0,0.03,0,0.04,0,0,0,0.03,0.09,0,0,0,0,0,0.04,0,0.02,0,0.02,0.02,0,0.01,0,0,0.01,0,0,0.02,0.01,0.03,0.03,0.01,0,0.1,0.77
2025-09,31.15,30.03,17.95,17.4,0.03,0,0,0,0.07,0.11,0.49,0.34,0.09,0,0.01,0.02,0,0.5,0,0,0,0.31,0.07,0,0,0.1,0,0,0,0,0.04,0,0,0,0,0,0.04,0.07,0,0,0.06,0.03,0,0,0,0.02,0,0.03,0,0,0,0.02,0.02,0,0,0,0,0,0.04,0,0.02,0,0.02,0.06,0,0.01,0,0,0.01,0,0,0.02,0.02,0.02,0.02,0.01,0,0.01,0.74
2025-10,31.3,31.43,18.2,15.24,0.34,0,0,0,0.07,0.12,0.06,0.59,0.06,0,0.01,0.39,0,0.19,0,0,0,0.22,0.04,0,0.32,0.01,0,0,0,0.04,0.09,0.11,0,0,0,0,0.04,0.1,0,0,0.05,0.03,0,0,0,0.03,0,0.03,0,0,0,0.02,0.02,0,0,0,0,0,0.04,0,0.02,0,0.02,0.02,0,0.01,0,0,0.01,0,0,0.02,0.01,0.02,0.02,0.01,0.02,0.01,0.62
2025-11,31.31,31.63,18.37,14.86,0.35,0,0,0,0.08,0.12,0.02,0.07,0.05,0,0.07,0.5,0,0.02,0.45,0,0,0.03,0.02,0,0.36,0.01,0,0,0,0.06,0.02,0.32,0,0,0,0,0.05,0.16,0,0,0.04,0.03,0,0,0,0.03,0,0.03,0,0,0,0.02,0.01,0,0.09,0,0,0,0.03,0,0.02,0,0.02,0.02,0,0.05,0,0,0.01,0,0,0.01,0.01,0.02,0.01,0.01,0.02,0,0.6
2025-12,33.5,27.09,20.13,15.61,0.34,0,0,0.42,0.08,0.12,0.02,0.02,0.05,0,0.55,0.05,0,0.01,0.42,0,0,0.02,0.02,0,0.02,0.02,0.12,0,0,0.01,0.01,0.14,0,0,0,0,0.04,0.05,0,0.03,0.04,0.03,0,0,0,0.03,0.04,0.03,0,0,0,0.02,0.01,0,0.12,0,0,0,0.04,0,0.01,0,0.02,0.02,0,0.02,0,0,0.01,0,0,0.01,0.01,0.01,0.01,0.01,0,0,0.63
2026-01,33.78,26.56,20.74,15.28,0.35,0,0,0.73,0.12,0.11,0.01,0.01,0.05,0.07,0.29,0.01,0,0.01,0.03,0,0,0.02,0.02,0,0.01,0.27,0.28,0,0,0.01,0.01,0.01,0,0,0,0,0.02,0.08,0,0,0.03,0.03,0,0,0,0.03,0.17,0.02,0,0,0,0.02,0.01,0,0.02,0,0,0,0.03,0,0.02,0,0.02,0.01,0,0.01,0,0,0.02,0,0,0.01,0.01,0.01,0.01,0.01,0.05,0,0.58
2026-02,30.1,31.33,19.75,15.39,0.33,0,0,0.16,0.12,0.1,0.01,0.01,0.04,0.77,0.02,0.01,0,0.01,0.01,0,0,0.02,0.02,0,0.01,0.25,0.25,0.07,0,0.01,0.25,0.01,0,0,0,0,0.04,0.01,0,0,0.05,0.03,0,0,0.01,0.03,0.11,0.02,0.03,0,0,0.02,0.01,0,0.01,0,0,0,0,0,0.01,0,0.01,0,0,0.03,0,0,0.01,0,0,0.02,0.02,0.01,0.01,0.01,0.04,0,0.42
2026-03,30.81,31.21,19.64,15.01,0.36,0,0,0.02,0.1,0.09,0,0,0.05,0.27,0.01,0.01,0,0,0.01,0,0,0.02,0.02,0.17,0.01,0.02,0.05,0.09,0.09,0.33,0.2,0,0,0,0,0,0.05,0,0,0,0.04,0.03,0,0.4,0.23,0.03,0.02,0.02,0.06,0,0,0.02,0.01,0,0.01,0,0,0,0,0,0.01,0,0.02,0,0,0.01,0,0,0.01,0,0,0.01,0.02,0.01,0.01,0.01,0.01,0,0.36
2026-04,31.2,30.69,19.09,14.63,0.34,0,0.79,0.01,0.09,0.09,0,0,0.04,0.02,0.01,0.01,0.14,0.01,0,0,0,0.01,0.02,0.59,0.01,0.01,0.01,0.02,0.12,0.19,0.01,0,0,0,0,0.21,0.05,0,0.08,0.35,0.02,0.04,0,0.03,0.19,0.03,0.01,0.02,0.08,0.03,0,0.02,0.01,0,0,0,0.04,0,0,0,0.01,0,0.02,0.01,0,0.01,0.03,0,0.01,0,0.06,0.01,0.01,0.01,0.01,0.01,0,0,0.4
2026-05,31.3,30.08,19.03,14.77,0.35,0.15,0.94,0.01,0.09,0.09,0.01,0.01,0.04,0.01,0.01,0.01,0.22,0,0,0.4,0,0.01,0.01,0.04,0,0.01,0.01,0.39,0.02,0.02,0.01,0,0,0,0,0.38,0.04,0.01,0.11,0.15,0.02,0.04,0,0.01,0.01,0.03,0.01,0.02,0.08,0.17,0,0.02,0.01,0,0,0,0.05,0,0,0,0.01,0,0.01,0.01,0,0.01,0.04,0.1,0.01,0,0.1,0.01,0.01,0.01,0.01,0.01,0,0,0.45
2026-06,34.47,25,20.19,15.36,0.37,0.86,0.23,0.01,0.09,0.08,0,0.01,0.04,0.02,0.01,0.01,0.21,0,0,0.49,0.01,0.01,0.01,0.02,0,0.01,0.01,0.12,0.45,0.01,0.01,0,0,0,0.35,0.03,0.04,0,0.12,0.02,0.02,0.04,0,0.01,0,0.03,0,0.03,0.08,0.12,0,0.02,0.01,0.05,0,0,0.05,0.14,0,0,0.02,0,0.02,0.01,0,0.01,0.04,0.09,0.01,0,0.01,0.01,0.01,0.01,0.01,0.01,0,0,0.49
2026-07,33.33,28.75,19.26,14.08,0.35,0.85,0.16,0,0.09,0.07,0,0,0.04,0,0,0,0.18,0,0,0.05,0.48,0.01,0.01,0.01,0,0,0.01,0.02,0.06,0.01,0.01,0,0.43,0,0.29,0.01,0.04,0,0.1,0,0.01,0.03,0,0,0,0.03,0,0.03,0.01,0.01,0,0.02,0.01,0.14,0,0,0.05,0.1,0,0.12,0.02,0,0.01,0,0.07,0.01,0.03,0.01,0.01,0,0.01,0.01,0.01,0,0.01,0.01,0,0,0.43
2026-08,32.19,30.51,19.28,13.53,0.39,0.86,0.15,0,0.09,0.07,0,0,0.04,0,0,0,0.2,0,0,0.04,0.46,0.01,0.01,0.01,0.01,0,0,0.02,0.02,0.01,0.01,0,0.22,0.47,0.02,0,0.04,0,0.1,0,0.01,0.03,0.06,0,0,0.02,0,0.03,0,0.01,0,0.02,0.01,0.08,0,0,0.04,0.02,0,0.1,0.02,0.06,0.02,0,0.07,0.01,0.04,0.01,0.02,0.12,0.01,0.01,0.01,0.01,0.01,0.01,0,0,0.36
2026-09,30.56,33.81,18.79,12.26,0.35,0.97,0.17,0,0.04,0.06,0,0,0.04,0,0,0,0.17,0.01,0,0.04,0.04,0.01,0.01,0,0,0,0,0.01,0.01,0,0,0,0.02,0.18,0.01,0,0.05,0,0.09,0,0.01,0.03,0.45,0,0,0.01,0,0.01,0,0.01,0.34,0.02,0.01,0.02,0,0.29,0.04,0.01,0,0.01,0.02,0.18,0,0,0.08,0.01,0.03,0,0.01,0.07,0,0.01,0.01,0.01,0.01,0.01,0,0,0.55
