"Date","Chrome","Safari","Android","Edge","Opera","Samsung Internet","Yandex Browser","UC Browser","Kindle","Instabridge","Puffin","Ecosia","Coc Coc","Unknown","QQ Browser","Firefox","Other"
2025-08,47.37,31.07,17.99,1.34,1.08,0,0.46,0.22,0.12,0.02,0.12,0.04,0.03,0.03,0.04,0.03,0.04
2025-09,48.03,31.16,17.4,1.23,1.01,0,0.48,0.16,0.07,0.11,0.15,0.04,0.03,0.03,0.03,0.03,0.05
2025-10,49.99,31.3,15.24,1.22,1.01,0,0.49,0.16,0.07,0.12,0.18,0.04,0.02,0.03,0.03,0.04,0.05
2025-11,50.37,31.31,14.86,1.08,1.03,0,0.49,0.19,0.08,0.12,0.23,0.05,0.03,0.03,0.04,0.03,0.06
2025-12,47.61,33.5,15.61,1.06,1.09,0,0.41,0.14,0.08,0.12,0.12,0.04,0.04,0.03,0.04,0.03,0.06
2026-01,47.69,33.78,15.28,0.99,1.04,0,0.42,0.18,0.12,0.11,0.14,0.02,0.03,0.03,0.03,0.03,0.07
2026-02,51.42,30.1,15.39,1.12,0.93,0,0.4,0.2,0.12,0.1,0.03,0.04,0.02,0.03,0.03,0.03,0.03
2026-03,51.22,30.81,15.01,1,0.99,0,0.39,0.18,0.1,0.09,0.02,0.05,0.02,0.03,0.03,0.02,0.03
2026-04,50.15,31.22,14.63,1,0.98,1.09,0.32,0.2,0.09,0.09,0.02,0.05,0.05,0.04,0.03,0.02,0.02
2026-05,49.49,31.33,14.77,1.01,1.02,1.53,0.25,0.19,0.11,0.09,0.02,0.04,0.05,0.04,0.03,0.02,0.02
2026-06,45.59,34.48,15.36,1.05,1.06,1.53,0.26,0.21,0.12,0.08,0.02,0.05,0.05,0.04,0.04,0.03,0.03
2026-07,48.39,33.33,14.08,0.91,1.01,1.39,0.23,0.22,0.14,0.08,0.01,0.04,0.06,0.03,0.03,0.03,0.03
2026-08,50.19,32.2,13.53,0.88,1,1.41,0.21,0.18,0.11,0.07,0.02,0.05,0.05,0.03,0.03,0.02,0.03
2026-09,52.97,30.57,12.26,0.96,0.96,1.5,0.27,0.16,0.05,0.06,0.01,0.05,0.06,0.03,0.03,0.02,0.02
