"Date","iOS 18.6","iOS 26.5","iOS 18.7","iOS 26.3","iOS 26.2","iOS 26.6","iOS 17.7","iOS 12.5","iOS 18.5","iOS 26.4","iOS 16.7","iOS 15.8","iOS 10.3","iOS 26.1","iOS 26.0","iOS 17.6","iOS 18.3","iOS 16.3","iOS 9.3","iOS 16.6","iOS 17.5","iOS 18.1","iOS 15.6","iOS 7.0","iOS 18.4","iOS 17.4","iOS 16.2","iOS 11.3","iOS 16.1","iOS 15.7","iOS 15.5","iOS 17.3","iOS 17.1","iOS 18.2","iOS 18.0","iOS 15.4","iOS 14.8","iOS 14.6","iOS 12.4","iOS 17.0","iOS 14.4","iOS 16.5","iOS 14.7","iOS 27.0","iOS 13.6","iOS 15.3","iOS 10.1","iOS 17.2","iOS 11.4","iOS 12.3","iOS 15.1","iOS 15.0","iOS 12.1","iOS 16.4","iOS 26.7","iOS 11.0","iOS 11.2","iOS 6.0","iOS 12.2","iOS 13.3","iOS 15.2","iOS 14.3","iOS 5.0","iOS 14.2","iOS 27","iOS 26","iOS 9.2","iOS 5.1","iOS 12.0","iOS 13.7","iOS 13.5","iOS 14.0","iOS 14.5","iOS 10.2","iOS 13.4","iOS 13.2","iOS 11.1","iOS 13.1","iOS 8.4","iOS 16.0","iOS 14.1","iOS 8.1","iOS 10.0","iOS 9.0","iOS 19.0","Other"
2025-08,32.09,0,0,0,0,0,5.28,5.93,24.28,0,3.76,4.01,2.55,0,0.5,1.91,2.05,1.48,1.98,1.07,0.89,0.87,0.74,0.91,0.76,0.39,0.42,0.51,0.42,0.42,0.38,0.31,0.28,0.34,0.26,0.26,0.3,0.19,0.22,0.14,0.2,0.24,0.23,0,0.2,0.19,0.19,0.13,0.15,0.13,0.14,0.11,0.15,0.11,0,0.1,0.08,0.09,0.1,0.08,0.09,0.08,0.1,0.1,0,0,0.07,0.09,0.06,0.07,0.06,0.05,0.04,0.04,0.04,0.04,0.04,0.04,0.06,0.03,0.03,0.03,0.02,0.02,0.1,0.14
2025-09,50.41,0,1.33,0,0,0,5.11,5.44,5.06,0,3.56,3.48,2.79,0.03,2.84,1.8,1.71,1.37,1.79,0.97,0.77,0.78,0.68,0.78,0.55,0.86,0.38,0.5,0.36,0.33,0.37,0.31,0.27,0.28,0.24,0.23,0.21,0.17,0.23,0.15,0.19,0.19,0.19,0,0.13,0.15,0.2,0.11,0.19,0.14,0.13,0.13,0.15,0.11,0,0.12,0.11,0.09,0.08,0.14,0.09,0.06,0.07,0.08,0,0,0.08,0.11,0.06,0.04,0.05,0.04,0.04,0.03,0.04,0.04,0.08,0.06,0.07,0.04,0.03,0.03,0.01,0.02,0.03,0.11
2025-10,42.83,0,6.65,0,0,0,5.11,5.41,4.04,0,3.49,3.34,2.47,0.32,7.28,1.7,1.55,1.32,1.68,0.96,0.74,0.7,0.61,0.67,0.47,1.01,0.37,0.46,0.35,0.31,0.37,0.3,0.26,0.27,0.22,0.2,0.29,0.17,0.21,0.32,0.18,0.19,0.18,0,0.18,0.14,0.2,0.11,0.14,0.12,0.12,0.1,0.14,0.12,0,0.1,0.1,0.09,0.08,0.08,0.08,0.13,0.07,0.07,0,0,0.06,0.05,0.06,0.04,0.05,0.05,0.04,0.04,0.03,0.03,0.03,0.05,0.05,0.03,0.03,0.03,0.01,0.03,0.01,0.13
2025-11,40.03,0,9.31,0,0.27,0,5.11,5.08,3.7,0,3.42,3.34,2.49,4.9,4.3,1.58,1.53,1.22,1.63,0.92,0.71,0.68,0.58,0.57,0.47,0.32,0.34,0.44,0.35,0.37,0.32,0.28,0.24,0.25,0.2,0.18,0.41,0.17,0.21,0.44,0.19,0.17,0.16,0,0.29,0.14,0.19,0.11,0.14,0.12,0.09,0.1,0.13,0.23,0,0.1,0.1,0.09,0.07,0.08,0.07,0.14,0.06,0.06,0,0,0.07,0.07,0.06,0.04,0.05,0.05,0.04,0.03,0.03,0.03,0.02,0.03,0.04,0.03,0.02,0.03,0.01,0.03,0.01,0.09
2025-12,37.13,0,12.11,0.11,2.33,0,5.03,4.74,3.69,0,3.22,3.15,2.27,8.31,0.9,1.56,1.52,1.24,1.58,0.92,0.73,0.71,0.6,0.56,0.47,0.33,0.36,0.36,0.37,0.37,0.3,0.28,0.25,0.26,0.21,0.18,0.17,0.15,0.18,0.13,0.19,0.17,0.16,0,0.12,0.13,0.17,0.12,0.13,0.11,0.1,0.09,0.14,0.08,0,0.09,0.12,0.08,0.06,0.08,0.07,0.09,0.06,0.05,0,0,0.09,0.05,0.07,0.03,0.05,0.05,0.04,0.03,0.03,0.03,0.03,0.03,0.04,0.03,0.02,0.03,0.02,0.02,0.01,0.09
2026-01,24.61,0,10.42,0.42,22.08,0,4.83,4.68,3.21,0,3.1,2.94,2.57,3.93,0.72,1.47,1.43,1.15,1.64,0.78,0.67,0.67,0.79,0.55,0.46,0.31,0.33,0.32,0.32,0.38,0.3,0.24,0.25,0.24,0.21,0.19,0.22,0.18,0.16,0.13,0.17,0.15,0.13,0,0.13,0.11,0.13,0.1,0.17,0.11,0.11,0.08,0.12,0.08,0,0.11,0.13,0.1,0.07,0.06,0.08,0.07,0.06,0.05,0,0.06,0.09,0.05,0.05,0.04,0.05,0.03,0.04,0.03,0.03,0.02,0.03,0.02,0.04,0.03,0.01,0.02,0.01,0.02,0,0.08
2026-02,9.83,0,7.61,7.36,40.24,0,4.81,5.03,2.31,0.09,3.22,3.17,1.22,1.01,0.54,1.39,1.3,1.08,0.22,0.81,0.69,0.63,0.64,0.28,0.36,0.27,0.31,0.24,0.31,0.34,0.32,0.25,0.23,0.26,0.18,0.21,0.2,0.14,0.2,0.13,0.16,0.18,0.12,0,0.12,0.11,0.03,0.1,0.06,0.13,0.11,0.1,0.05,0.08,0,0.1,0.04,0.06,0.07,0.1,0.08,0.07,0.06,0.06,0,0.1,0.04,0.02,0.02,0.06,0.05,0.04,0.04,0.01,0.04,0.03,0.01,0.03,0.01,0.02,0.01,0,0.01,0.01,0,0.03
2026-03,7.58,0,7.39,44.22,7.82,0,5.06,4.71,2.06,1.51,3.05,2.97,0.4,0.72,0.44,1.37,1.2,0.94,0.05,0.77,0.65,0.59,0.49,0.39,0.32,0.26,0.33,0.21,0.25,0.23,0.26,0.25,0.24,0.24,0.2,0.19,0.12,0.13,0.16,0.12,0.15,0.18,0.12,0,0.1,0.11,0,0.11,0.02,0.09,0.11,0.1,0.02,0.06,0,0.06,0.01,0.05,0.08,0.06,0.06,0.07,0.03,0.03,0,0.09,0.03,0.02,0.01,0.03,0.05,0.04,0.04,0.01,0.03,0.02,0,0.02,0,0.03,0.01,0,0.01,0.01,0,0.02
2026-04,4.05,0.32,12.97,38.34,5.1,0,4.98,4.67,1.58,9.54,2.94,2.9,0.35,0.56,0.38,1.29,1.09,0.98,0.04,0.68,0.61,0.55,0.4,0.41,0.28,0.27,0.29,0.2,0.25,0.23,0.23,0.25,0.24,0.21,0.17,0.18,0.09,0.22,0.13,0.11,0.13,0.15,0.11,0,0.09,0.11,0,0.1,0.01,0.08,0.09,0.08,0.02,0.06,0,0.05,0.03,0.06,0.06,0.05,0.06,0.06,0.06,0.03,0,0.08,0.02,0.03,0.01,0.04,0.03,0.04,0.03,0.01,0.02,0.03,0,0.01,0,0.02,0.02,0,0.01,0,0,0.01
2026-05,2.79,11.49,11.49,11.97,3.7,0.02,4.82,4.27,1.36,29.53,2.75,2.71,1.14,0.49,0.34,1.24,1.07,0.97,0.03,0.61,0.58,0.51,0.43,0.41,0.26,0.25,0.24,0.22,0.22,0.2,0.21,0.27,0.22,0.19,0.17,0.16,0.08,0.27,0.12,0.12,0.14,0.12,0.13,0,0.09,0.09,0.08,0.11,0.06,0.08,0.09,0.09,0.06,0.06,0,0.06,0.04,0.06,0.06,0.04,0.04,0.02,0.04,0.04,0,0.09,0.02,0.03,0.03,0.03,0.02,0.03,0.03,0.03,0.02,0.03,0.02,0.02,0.01,0.01,0.01,0.01,0.01,0.01,0,0.02
2026-06,2.22,51.1,9.92,2.78,2.09,0.35,4.72,4.09,1.14,3.15,2.71,2.59,1.53,0.37,0.32,1.14,0.99,0.92,0.03,0.56,0.58,0.51,0.51,0.55,0.25,0.22,0.19,0.16,0.21,0.2,0.2,0.27,0.21,0.19,0.16,0.13,0.08,0.16,0.11,0.12,0.12,0.12,0.16,0.09,0.08,0.09,0.1,0.11,0.1,0.08,0.08,0.1,0.09,0.06,0,0.06,0.07,0.06,0.05,0.03,0.04,0.02,0.04,0.03,0.04,0.08,0.01,0.03,0.03,0.04,0.03,0.03,0.03,0.04,0.01,0.02,0.03,0.01,0.01,0.02,0.01,0.01,0.01,0.01,0,0.01
2026-07,1.67,55.63,10.19,1.92,1.64,0.62,4.51,3.93,0.95,1.65,2.64,2.52,1.53,0.37,0.29,1.06,0.92,0.81,0.03,0.53,0.55,0.45,0.36,0.44,0.22,0.2,0.19,0.12,0.19,0.16,0.19,0.24,0.23,0.18,0.14,0.14,0.07,0.1,0.1,0.1,0.12,0.11,0.17,0.2,0.06,0.08,0.09,0.09,0.09,0.07,0.07,0.1,0.09,0.06,0,0.06,0.05,0.05,0.05,0.03,0.05,0.02,0.04,0.02,0.09,0.07,0.01,0.02,0.03,0.03,0.01,0.03,0.03,0.04,0.01,0.01,0.02,0.01,0,0.01,0.01,0,0.01,0,0,0.01
2026-08,1.31,24.78,10.09,1.47,1.31,33.62,4.6,3.86,0.74,1.17,2.65,2.56,1.53,0.35,0.26,1.03,0.88,0.81,0.04,0.51,0.5,0.43,0.34,0.34,0.16,0.21,0.2,0.12,0.19,0.16,0.18,0.26,0.19,0.16,0.11,0.13,0.09,0.09,0.11,0.1,0.13,0.1,0.12,0.31,0.07,0.08,0.07,0.09,0.08,0.08,0.07,0.1,0.09,0.05,0,0.06,0.05,0.06,0.07,0.03,0.04,0.03,0.03,0.03,0.1,0.07,0.02,0.03,0.04,0.03,0.02,0.03,0.03,0.03,0.02,0.01,0.02,0.01,0,0.01,0.01,0,0.01,0,0,0.02
2026-09,1.08,6.46,10.11,1.26,1.14,51.07,4.46,3.69,0.65,0.91,2.53,2.46,1.41,0.31,0.22,0.94,0.77,0.77,0.04,0.5,0.44,0.38,0.29,0.42,0.14,0.18,0.18,0.1,0.17,0.14,0.14,0.27,0.17,0.14,0.11,0.11,0.06,0.1,0.08,0.08,0.11,0.09,0.09,1.77,0.04,0.07,0.01,0.08,0.08,0.07,0.06,0.11,0.08,0.04,1.38,0.06,0.05,0.04,0.06,0.02,0.03,0.02,0.2,0.02,0.55,0.06,0.01,0.03,0.03,0.03,0.01,0.02,0.01,0.02,0.01,0.01,0.02,0.01,0,0.01,0.01,0,0.02,0,0,0.06
