"Date","15.0","16.0","13.0","14.0","12.0","11.0","10.0","9.0 Pie","5.0 Lollipop","6.0 Marshmallow","8.0 Oreo","8.1 Oreo","7.0 Nougat","7.1 Nougat","5.1 Lollipop","17.0","4.4 KitKat","25.8","25.1","4.3 Jelly Bean","Other"
2025-08,28.54,1.03,15.21,16.75,11.06,9.38,4.94,2.76,3.08,1.99,2.68,0.78,1.12,0.17,0.3,0,0.07,0.02,0,0.02,0.09
2025-09,30.58,1.28,15.15,15.6,11.11,9.36,4.83,2.82,2.73,1.72,1.8,1.45,0.82,0.26,0.28,0,0.06,0.07,0,0.02,0.06
2025-10,29.78,4.57,14.96,15.08,10.93,9.04,4.78,2.67,2.03,1.76,1.43,1.6,0.61,0.28,0.27,0,0.05,0.07,0,0.02,0.06
2025-11,26.17,9.93,14.98,14.83,10.88,8.97,4.78,2.58,1.57,1.47,1.13,1.54,0.46,0.26,0.26,0,0.05,0.04,0.01,0.02,0.05
2025-12,23.93,13.3,14.72,14.22,10.68,8.97,4.65,2.48,1.68,1.36,1.05,1.57,0.69,0.25,0.24,0,0.08,0,0.05,0.02,0.06
2026-01,22.47,15.86,14.43,13.89,10.45,8.45,4.55,2.45,1.64,1.62,1.26,1.45,0.76,0.26,0.24,0,0.09,0,0.05,0.02,0.05
2026-02,20.98,18.9,14.85,14.22,10.66,8.6,4.62,2.56,0.58,0.82,0.74,1.45,0.37,0.27,0.21,0,0.06,0,0.06,0.01,0.04
2026-03,20.16,21.61,14.45,13.8,10.22,8.16,4.39,2.41,0.69,0.98,0.96,1.36,0.21,0.25,0.2,0,0.05,0,0.05,0,0.06
2026-04,18.69,22.25,14.37,13.53,9.96,8.07,4.24,2.37,1.66,1.41,1.32,1.31,0.2,0.24,0.2,0.02,0.06,0,0.01,0,0.09
2026-05,17.74,22.9,14.21,13.14,9.93,8.06,4.02,2.36,2.12,1.66,1.73,1.28,0.27,0.23,0.19,0.02,0.05,0,0.01,0.01,0.08
2026-06,17.04,23.7,14.2,12.75,9.84,8.06,4.1,2.26,2.02,1.99,2.03,1.24,0.2,0.21,0.17,0.05,0.04,0,0,0.01,0.08
2026-07,17.2,25.5,14.78,13.14,10.08,8.33,4.25,2.23,0.59,0.82,0.86,1.18,0.18,0.21,0.16,0.35,0.04,0,0,0,0.1
2026-08,16.86,25.78,14.77,13.1,10.07,8.31,4.23,2.25,0.42,0.68,0.69,1.15,0.19,0.2,0.16,0.97,0.05,0,0,0,0.12
2026-09,15.9,37.6,11.6,12.07,7.64,6.35,3.29,1.75,0.04,0.22,0.28,0.85,0.16,0.15,0.13,1.74,0.04,0,0,0,0.2
