"Date","Chrome","Safari","Samsung Internet","Opera","UC Browser","Android","Firefox","Edge","Brave","QQ Browser","Yandex Browser","Whale Browser","Coc Coc","Ecosia","Unknown","Instabridge","KaiOS","Puffin","Other"
2025-08,69.17,20.3,3.33,1.73,1.35,1.69,0.54,0.59,0.44,0.29,0.24,0.12,0.05,0.04,0.04,0.03,0.02,0.02,0.02
2025-09,71.01,19.52,3.29,1.47,1.04,1.4,0.53,0.48,0.43,0.25,0.28,0.09,0.05,0.04,0.04,0.03,0.03,0.02,0.02
2025-10,68.77,21.59,3.55,1.53,1.09,0.97,0.58,0.57,0.45,0.27,0.3,0.09,0.05,0.04,0.04,0.03,0.03,0.02,0.02
2025-11,68.15,22.22,3.61,1.63,1.08,0.87,0.57,0.53,0.44,0.28,0.27,0.09,0.05,0.05,0.04,0.03,0.04,0.02,0.02
2025-12,68.3,22.37,3.53,1.59,0.91,1.01,0.56,0.48,0.42,0.28,0.23,0.09,0.06,0.04,0.04,0.03,0.03,0.02,0.02
2026-01,67.29,23.22,3.62,1.58,1.1,0.88,0.56,0.44,0.46,0.27,0.25,0.09,0.06,0.05,0.04,0.03,0.02,0.02,0.02
2026-02,65.55,25.33,3.9,1.43,1.04,0.28,0.63,0.52,0.51,0.23,0.22,0.11,0.08,0.06,0.04,0.03,0.01,0.01,0.02
2026-03,65.1,25.99,3.75,1.58,1.13,0.09,0.62,0.46,0.52,0.2,0.21,0.11,0.08,0.06,0.05,0.02,0.01,0.01,0.02
2026-04,65.54,26,2.81,1.59,1.16,0.45,0.64,0.49,0.52,0.2,0.22,0.1,0.12,0.05,0.05,0.02,0.01,0.01,0.02
2026-05,66.4,25.25,2.44,1.62,1.11,0.59,0.72,0.61,0.49,0.21,0.2,0.09,0.11,0.05,0.06,0.02,0.01,0.01,0.02
2026-06,67.91,24.13,2.46,1.69,1.17,0.27,0.7,0.48,0.5,0.19,0.17,0.08,0.11,0.05,0.05,0.02,0.01,0.01,0.02
2026-07,66.8,25.43,2.48,1.81,1.26,0.06,0.67,0.39,0.39,0.18,0.19,0.08,0.11,0.05,0.05,0.02,0.01,0.01,0.01
2026-08,66.05,26,2.53,1.91,1.25,0.06,0.75,0.38,0.34,0.18,0.2,0.08,0.11,0.06,0.05,0.02,0.01,0.01,0.01
2026-09,67.64,24.71,3.5,1.38,0.78,0.05,0.69,0.41,0.03,0.21,0.24,0.07,0.12,0.07,0.05,0.01,0.01,0.01,0.01
