"Date","Chrome","Safari","Edge","Firefox","Samsung Internet","Opera","Brave","UC Browser","Android","Yandex Browser","360 Safe Browser","QQ Browser","Coc Coc","IE","Whale Browser","Mozilla","Sogou Explorer","Ecosia","Unknown","Pale Moon","Instabridge","Edge Legacy","KaiOS","Other"
2025-08,69.26,14.98,4.99,2.26,1.97,1.85,0.84,0.81,1.28,0.36,0.33,0.27,0.06,0.39,0.09,0.07,0.03,0.03,0.02,0.02,0.02,0.02,0.01,0.05
2025-09,71.86,13.86,4.67,2.17,1.86,1.73,0.79,0.6,1.03,0.38,0.28,0.22,0.06,0.19,0.08,0.05,0.03,0.02,0.02,0.01,0.02,0.01,0.01,0.05
2025-10,73.17,13.27,4.62,2.21,1.74,1.76,0.73,0.54,0.67,0.38,0.25,0.21,0.06,0.09,0.07,0.05,0.03,0.02,0.02,0.02,0.02,0.01,0.02,0.04
2025-11,71.17,14.41,4.96,2.29,1.87,1.89,0.79,0.56,0.66,0.39,0.27,0.23,0.06,0.11,0.07,0.06,0.03,0.03,0.02,0.02,0.02,0.01,0.02,0.05
2025-12,71.3,14.81,4.58,2.24,1.88,1.82,0.75,0.49,0.74,0.34,0.28,0.24,0.07,0.11,0.07,0.05,0.05,0.03,0.02,0.02,0.02,0.01,0.02,0.04
2026-01,71.36,14.77,4.63,2.22,1.83,1.88,0.79,0.56,0.66,0.33,0.27,0.23,0.07,0.08,0.07,0.05,0.05,0.03,0.02,0.02,0.01,0.01,0.01,0.04
2026-02,68.9,16.46,5.44,2.29,2.02,1.79,0.91,0.54,0.4,0.37,0.24,0.21,0.09,0.02,0.08,0.05,0.04,0.03,0.02,0.02,0.02,0.01,0,0.04
2026-03,66.7,17.9,5.79,2.33,2.06,2,0.99,0.63,0.3,0.4,0.25,0.2,0.11,0.01,0.08,0.05,0.03,0.04,0.03,0.02,0.01,0.01,0.01,0.03
2026-04,68.02,17.04,5.53,2.26,1.99,1.89,0.94,0.62,0.47,0.36,0.23,0.19,0.14,0.02,0.08,0.06,0.02,0.04,0.03,0.02,0.01,0.01,0.01,0.03
2026-05,70.3,15.71,5.1,2.19,1.89,1.78,0.84,0.56,0.51,0.28,0.22,0.19,0.13,0.02,0.07,0.05,0.02,0.03,0.03,0.02,0.01,0.01,0.01,0.03
2026-06,69.54,15.33,5.23,3.4,1.95,1.74,0.84,0.6,0.35,0.24,0.19,0.18,0.13,0.01,0.06,0.05,0.02,0.03,0.03,0.02,0.01,0.01,0,0.03
2026-07,68.28,16.47,5.36,3.3,2.06,1.89,0.62,0.67,0.24,0.28,0.24,0.18,0.14,0.01,0.06,0.05,0.02,0.03,0.03,0.02,0.01,0.01,0.01,0.03
2026-08,69.28,15.92,5.39,2.98,2.02,1.93,0.57,0.62,0.24,0.28,0.2,0.17,0.13,0.01,0.06,0.04,0.04,0.04,0.03,0.02,0.01,0.01,0.01,0.03
2026-09,66.36,18.27,6.04,2.8,2.31,1.77,0.46,0.47,0.25,0.34,0.19,0.18,0.12,0.01,0.06,0.22,0.02,0.04,0.03,0.02,0.01,0.01,0.01,0.03
