"Date","14.0","11.0","9.0 Pie","13.0","16.0","12.0","15.0","8.1 Oreo","5.1 Lollipop","10.0","7.1 Nougat","8.0 Oreo","7.0 Nougat","4.4 KitKat","6.0 Marshmallow","5.0 Lollipop","4.2 Jelly Bean","4.0 Ice Cream Sandwich","4.1 Jelly Bean","25.1","25.8","11.1","4.3 Jelly Bean","25.6","7.5 Nougat","Other"
2025-08,19.58,15.74,14.29,10.9,0.07,9.35,11.97,1.03,3.44,2.44,1.16,4.53,2.72,1.36,0.68,0.31,0.11,0.08,0.03,0,0.03,0.02,0.01,0.05,0.02,0.09
2025-09,19.44,16.02,14.68,10.46,0.1,9.04,12.7,2.88,3.39,2.33,1.75,2.59,2,1.24,0.71,0.28,0.07,0.08,0.03,0,0.08,0.02,0.01,0.02,0.01,0.1
2025-10,19.57,14.6,14.56,10.71,0.16,9.38,13.85,3.86,3.28,2.34,2,1.55,1.69,1.14,0.68,0.25,0.06,0.07,0.02,0,0.08,0.02,0.01,0.02,0.01,0.08
2025-11,19.41,14.42,14.14,10.66,0.73,9.34,14.35,3.96,3.36,2.36,1.93,1.48,1.63,0.99,0.62,0.26,0.06,0.06,0.02,0.02,0.06,0.02,0.02,0.02,0.01,0.08
2025-12,17.26,14.9,15.82,9.54,4.64,8.11,9.89,4.66,3.62,2.08,2.16,1.67,1.87,2.08,0.71,0.41,0.17,0.14,0.04,0.07,0,0.02,0.02,0.02,0.01,0.09
2026-01,16.97,13.99,15.58,9.52,8.78,8.45,6.63,4.89,3.57,1.96,2.27,1.57,1.7,2.38,0.7,0.42,0.22,0.15,0.04,0.07,0,0.02,0.02,0.01,0.01,0.08
2026-02,17.75,13.71,13.85,10.27,10.87,10.84,5.92,4.7,2.74,2.1,1.97,1.32,1.35,1.42,0.48,0.3,0.09,0.11,0.04,0.07,0,0.01,0.01,0.01,0.02,0.06
2026-03,18.95,13.98,14.43,10.55,12.44,8.48,5.27,3.68,2.81,2.07,1.94,1.24,1.36,1.5,0.46,0.32,0.21,0.13,0.02,0.07,0,0.01,0.01,0,0.01,0.06
2026-04,18.82,13.84,13.66,10.62,13.52,8.5,5.26,3.73,2.8,2.15,1.73,1.18,1.33,1.56,0.43,0.31,0.23,0.15,0.02,0.02,0,0.01,0.01,0,0.04,0.1
2026-05,18.41,13.75,13.96,10.35,14.36,8.34,5.27,3.93,2.67,2.06,1.81,1.2,1.27,1.34,0.42,0.28,0.29,0.13,0.02,0.02,0,0.01,0.02,0,0.01,0.09
2026-06,15.89,14.58,16.59,9.81,13.21,7.21,5.47,4.59,3.06,1.67,2.11,1.4,1.49,1.45,0.46,0.3,0.35,0.13,0.04,0.02,0,0.01,0.02,0,0.01,0.11
2026-07,18.1,14.27,14.75,10.28,15.21,7.59,5.01,3.33,2.64,1.95,1.83,1.16,1.21,1.39,0.4,0.28,0.25,0.16,0.02,0.01,0,0.01,0.01,0,0.01,0.12
2026-08,19.04,14.35,14.27,10.03,15.57,7.87,4.68,3.12,2.53,2.02,1.7,1.14,1.17,1.31,0.41,0.28,0.16,0.14,0.02,0,0,0.01,0.01,0,0,0.15
2026-09,17.16,14.99,12.99,8.43,20.88,6.85,5.81,2.73,2.28,2.01,1.5,1.09,1.11,1.16,0.38,0.26,0.08,0.12,0.02,0,0,0.01,0.01,0,0,0.13
