"Date","Windows","OS X","macOS","Linux","Chrome OS","Other"
2025-08,78.58,9.92,5.46,4.48,1.55,0
2025-09,79.86,9.39,5.16,3.76,1.82,0
2025-10,74.61,15.84,4.71,3.33,1.51,0
2025-11,79.87,9.51,5.59,3.53,1.5,0
2025-12,79.11,9.23,5.61,4.59,1.46,0
2026-01,79.85,8.33,5.64,4.74,1.44,0
2026-02,80.02,8.82,5.91,3.47,1.77,0
2026-03,75.69,11.85,6.52,3.93,2.01,0
2026-04,78.87,10.15,5.41,3.7,1.87,0
2026-05,76.38,12.91,5.18,3.81,1.72,0
2026-06,72,15.16,5.71,5.59,1.54,0
2026-07,71.11,12.18,7.72,7.51,1.47,0
2026-08,63.03,11.57,15.08,8.76,1.56,0
2026-09,76.36,10.68,6.1,4.54,2.31,0
