"Date","Android","iOS","Samsung","KaiOS","Linux","Other"
2025-08,74.03,25.71,0.21,0.02,0.01,0.02
2025-09,75.27,24.48,0.2,0.03,0.01,0.02
2025-10,72.68,27.04,0.22,0.03,0.01,0.02
2025-11,71.99,27.71,0.24,0.04,0.01,0.02
2025-12,71.78,27.94,0.22,0.03,0.01,0.01
2026-01,70.44,29.27,0.25,0.02,0.01,0.01
2026-02,68.27,31.49,0.22,0.01,0.01,0.01
2026-03,67.49,32.28,0.2,0.01,0.01,0.01
2026-04,67.37,32.56,0.05,0.01,0.01,0.01
2026-05,68.01,31.96,0,0.01,0.01,0.01
2026-06,69.11,30.86,0,0.01,0.01,0.01
2026-07,68.38,31.58,0,0.01,0.01,0.01
2026-08,67.45,32.52,0,0.01,0.01,0.01
2026-09,69.17,30.81,0,0.01,0.01,0.01
