"Date","Chrome for Android","Safari iPhone","Chrome for iPhone","Samsung Internet 29.0","Samsung Internet 28.0","Android 0","Samsung Internet 30.0","Brave 0","UC Browser 13.4","Opera 93.0","UC Browser 15.1","Opera 94.0","Opera 91.0","Opera 92.0","Opera 99.0","Whale 1.0","Opera 100.0","Opera 97.1","Opera 95.0","Opera 98.0","Opera 96.0","Opera 90.0","Opera 96.1","Samsung Internet 26.0","Samsung Internet 27.0","UC Browser 15.2","UC Browser 18.1","Opera 99.3","Opera 99.4","UC Browser 15.0","Edge 139","UC Browser 18.0","Yandex Browser 25.8","Opera 97.0","Unknown 0","UC Browser 18.2","UC Browser 18.4","Opera 99.1","Edge 143","Firefox 147.0","Yandex Browser 25.12","Opera 99.5","Opera 99.2","Firefox 146.0","Opera Mini 4.4","Firefox 143.0","Edge 142","Yandex Browser 25.10","Edge 144","Firefox 152.0","Edge 138","Firefox 142.0","Opera 101.0","Edge 140","Edge 141","Firefox 144.0","Samsung Internet 25.0","UC Browser 18.8","Chrome 114.0","Firefox 153.0","UC Browser 18.9","UC Browser 18.5","Samsung Internet 24.0","Firefox 151.0","Firefox 145.0","Edge 146","Firefox 148.0","Firefox 149.0","Firefox 150.0","Samsung Internet 23.0","QQ Browser 19.4","Edge 149","UC Browser 17.8","Instabridge 0","Yandex Browser 26.3","UC Browser 18.6","Firefox 141.0","Edge 148","UC Browser 14.8","Samsung Internet 21.0","Samsung Internet 22.0","Yandex Browser 26.6","Yandex Browser 26.4","Coc Coc 155.0","QQ Browser 19.7","QQ Browser 19.3","Samsung Internet 7.4","Edge 147","Opera 74.2","Opera 85.0","QQ Browser 19.8","KaiOS 2.5","UC Browser 12.12","Edge 150","Opera 73.2","UC Browser 17.1","QQ Browser 19.5","Firefox 140.0","UC Browser 18.3","Yandex Browser 26.8","UC Browser 13.2","QQ Browser 19.6","UC Browser 18.7","UC Browser 12.10","Firefox 154.0","Edge 151","UC Browser 18.10","Firefox 155.0","Edge 145","Chrome 138.0","Coc Coc 151.0","Samsung Internet 29.1","UC Browser 17.7","Coc Coc 145.0","Opera 99.6","Coc Coc 149.0","UC Browser 14.9","UC Browser 19.1","Chrome 142.0","UC Browser 19.0","QQ Browser 19.9","Edge 137","UC Browser 13.7","Samsung Internet 7.2","UC Browser 17.5","Firefox 156.0","QQ Browser 20.1","Other"
2025-08,65.11,20.3,3.85,0,2.72,1.69,0,0.44,0.3,0.32,0,0.21,0.22,0.05,0,0.11,0,0,0,0,0,0.54,0,0.08,0.11,0,0,0,0,0,0.19,0.23,0.1,0,0.04,0,0,0,0,0,0,0,0,0,0.08,0,0,0,0,0,0.25,0.11,0,0,0,0,0.05,0,0.04,0,0,0,0.04,0,0,0,0,0,0,0.03,0,0,0.2,0.03,0,0,0.22,0,0.22,0.02,0.02,0,0,0,0,0.12,0.02,0,0.03,0.03,0,0.02,0.03,0,0.02,0.01,0,0.02,0,0,0.02,0,0,0.02,0,0,0,0,0,0.06,0,0,0.05,0.01,0,0,0.01,0,0,0,0,0.04,0.02,0.01,0.04,0,0,1.51
2025-09,67.11,19.51,3.71,0,2.68,1.4,0,0.43,0.25,0.05,0,0.33,0.55,0.04,0,0.09,0,0,0.11,0,0,0.08,0,0.08,0.11,0,0.15,0,0,0,0.27,0.24,0.22,0,0.04,0,0,0,0,0,0,0,0,0,0.08,0.13,0,0,0,0,0.03,0.21,0,0.06,0,0,0.05,0,0.03,0,0,0,0.04,0,0,0,0,0,0,0.03,0.11,0,0.02,0.03,0,0,0.02,0,0.01,0.03,0.02,0,0,0,0,0.06,0.02,0,0.02,0.02,0,0.02,0.02,0,0.02,0.01,0,0.01,0,0,0.02,0,0,0.02,0,0,0,0,0,0.01,0,0,0.02,0.04,0,0,0.09,0,0,0,0,0.02,0.01,0.01,0.02,0,0,1.15
2025-10,64.42,21.58,4.15,0.23,2.76,0.97,0,0.45,0.28,0.03,0,0.05,0.26,0.4,0,0.09,0,0,0.33,0,0.11,0.05,0,0.07,0.1,0,0.39,0,0,0.09,0.06,0.04,0.17,0,0.04,0,0,0,0,0,0,0,0,0,0.07,0.21,0,0.08,0,0,0.03,0.02,0,0.23,0.15,0.16,0.04,0,0.04,0,0,0,0.03,0,0,0,0,0,0,0.03,0.11,0,0.01,0.03,0,0,0.01,0,0,0.02,0.02,0,0,0,0,0.01,0.02,0,0.02,0.02,0,0.03,0.02,0,0.02,0.01,0.07,0.01,0,0,0.02,0,0,0.02,0,0,0,0,0,0.01,0,0,0.02,0.04,0,0,0.01,0,0,0,0,0.02,0.01,0.01,0.01,0,0,1.16
2025-11,63.59,22.22,4.36,2.67,0.4,0.87,0,0.44,0.27,0.1,0,0.03,0.04,0.57,0,0.09,0,0,0.06,0,0.22,0.03,0.29,0.07,0.09,0,0.1,0,0,0.1,0.02,0.03,0.02,0,0.04,0.32,0,0,0,0,0,0,0,0,0.07,0.02,0.17,0.22,0,0,0.02,0.01,0,0.03,0.18,0.17,0.04,0,0.03,0,0,0,0.03,0,0.18,0,0,0,0,0.03,0.02,0,0.01,0.03,0,0,0,0,0,0.02,0.02,0,0,0,0,0.01,0.02,0,0.02,0.02,0,0.03,0.02,0,0.02,0.02,0.09,0.01,0,0,0.02,0.09,0,0.01,0,0,0,0,0,0.01,0,0.03,0.02,0.05,0,0,0,0,0.1,0,0,0.01,0.01,0.01,0.01,0,0,0.99
2025-12,63.57,22.36,4.56,2.8,0.22,1.01,0,0.42,0.25,0.56,0,0.03,0.02,0.07,0,0.08,0,0.1,0.02,0,0.03,0.03,0.42,0.07,0.08,0,0.03,0,0,0,0.02,0.02,0.01,0.06,0.04,0.16,0.08,0,0.11,0,0.09,0,0,0.22,0.07,0.01,0.21,0.1,0,0,0.01,0.01,0,0.02,0.02,0.01,0.04,0,0.03,0,0,0,0.03,0,0.13,0,0,0,0,0.03,0.01,0,0.01,0.03,0,0,0,0,0,0.02,0.02,0,0,0,0.11,0.01,0.02,0,0.02,0.02,0,0.03,0.02,0,0.02,0.02,0.01,0.02,0.16,0,0.02,0.08,0,0.01,0,0,0,0,0,0.01,0,0.03,0.01,0.01,0,0,0,0,0.04,0,0,0.01,0.01,0.01,0.01,0,0,0.96
2026-01,62.22,23.21,4.88,2.95,0.18,0.88,0,0.46,0.23,0.36,0,0.28,0.01,0.03,0,0.09,0,0.53,0.02,0,0.01,0.02,0.07,0.07,0.07,0,0.02,0,0,0.21,0.01,0.01,0.01,0.01,0.04,0.03,0.33,0,0.29,0.17,0.2,0,0,0.19,0.07,0.01,0.02,0.02,0.03,0,0.01,0,0,0.01,0.01,0.01,0.03,0,0.03,0,0,0.04,0.02,0,0.01,0,0,0,0,0.03,0.01,0,0.01,0.03,0,0,0,0,0,0.02,0.02,0,0,0,0.11,0,0.02,0,0.02,0.02,0.08,0.02,0.02,0,0.02,0.02,0.01,0.02,0.02,0,0.01,0.01,0,0.01,0,0,0,0,0,0.01,0,0.03,0.01,0,0,0.01,0,0,0,0,0,0.01,0.01,0.01,0.01,0,0,0.97
2026-02,59.95,25.33,5.37,3.27,0.18,0.28,0,0.51,0.18,0.05,0.16,0.3,0.01,0.02,0,0.11,0,0.37,0.27,0.18,0.01,0.02,0.03,0.07,0.07,0,0.01,0,0,0.2,0.01,0.01,0,0,0.04,0.01,0.05,0,0.07,0.33,0.18,0,0,0.02,0.01,0.01,0.01,0.01,0.34,0,0.01,0,0,0.01,0.01,0.01,0.03,0,0.04,0,0,0.26,0.03,0,0.01,0,0.03,0,0,0.02,0.01,0,0,0.03,0.01,0,0,0,0,0.02,0.02,0,0,0,0.01,0,0.02,0,0.01,0.01,0.14,0.01,0.02,0,0.01,0.02,0,0.02,0.01,0,0.01,0.01,0,0.01,0,0,0,0,0,0.01,0,0.03,0.01,0,0,0.07,0,0,0,0,0.01,0.01,0.01,0.01,0.01,0,0,0.91
2026-03,59.53,25.98,5.35,3.24,0.15,0.09,0,0.52,0.23,0.02,0.35,0.03,0.01,0.01,0.3,0.1,0,0.08,0.26,0.31,0.36,0.02,0.02,0.06,0.05,0,0.01,0,0,0.03,0.01,0.01,0,0.01,0.05,0.01,0.03,0,0.02,0.03,0.03,0,0,0.01,0,0.01,0.01,0.01,0.11,0,0.01,0,0,0,0,0,0.03,0,0.03,0,0,0.1,0.02,0,0,0.08,0.32,0.06,0,0.02,0,0,0,0.02,0.15,0.2,0,0,0,0.02,0.01,0,0,0,0.01,0,0.02,0,0.02,0.02,0.02,0.01,0.02,0,0.01,0.02,0,0.02,0,0,0.01,0,0,0.01,0,0,0,0,0.17,0.01,0,0.03,0.01,0,0,0.07,0,0,0,0,0.11,0.01,0.01,0.01,0.01,0,0,0.81
2026-04,59.97,26,5.37,2.42,0.1,0.45,0.01,0.52,0.22,0.01,0.42,0.02,0.01,0.01,0.45,0.1,0,0.04,0.03,0.05,0.25,0.01,0.01,0.05,0.03,0,0.01,0,0,0.02,0,0,0,0.36,0.05,0.01,0.02,0.18,0.01,0.01,0.01,0,0,0,0,0.01,0.01,0,0.03,0,0.01,0,0,0,0,0,0.01,0.01,0.02,0,0,0.02,0.02,0,0,0.27,0.03,0.31,0.09,0.02,0,0,0,0.02,0.16,0.1,0,0,0,0.02,0.02,0,0.03,0,0,0,0.02,0.07,0.02,0.02,0.01,0.01,0.01,0,0.01,0.02,0,0.02,0,0,0.01,0,0.16,0.01,0,0,0,0,0.02,0.01,0.08,0.02,0.01,0,0,0.03,0,0,0,0,0.02,0.01,0.01,0.01,0,0,0.02,0.87
2026-05,60.92,25.24,5.29,1.75,0.07,0.59,0.34,0.49,0.21,0.01,0.38,0.02,0.01,0.01,0.06,0.09,0,0.02,0.02,0.4,0.03,0.01,0.01,0.07,0.03,0,0.01,0,0,0.02,0.01,0,0,0.19,0.06,0,0.01,0.37,0.01,0.01,0.01,0,0.24,0.01,0,0.01,0,0,0.02,0,0.01,0.01,0,0.01,0,0,0.01,0.26,0.02,0,0,0.01,0.02,0.13,0,0.03,0.01,0.02,0.27,0.02,0,0,0,0.02,0.02,0.02,0,0.15,0,0.02,0.02,0,0.15,0,0,0,0.02,0.18,0.02,0.02,0.01,0.01,0.01,0,0.01,0.02,0,0.02,0,0,0.01,0,0.03,0.01,0,0,0,0,0.01,0.01,0.1,0.02,0.01,0,0,0,0,0,0,0,0.01,0.01,0.01,0.01,0,0,0.09,1.06
2026-06,62.61,24.13,5.12,0.29,0.08,0.27,1.78,0.5,0.26,0.01,0.38,0.02,0,0.01,0.49,0.07,0.01,0.01,0.01,0.19,0.01,0.01,0.01,0.07,0.03,0,0.01,0.41,0,0.01,0,0,0,0.02,0.05,0,0.01,0.04,0.01,0.01,0.01,0,0.28,0.01,0,0.01,0,0,0.01,0.16,0.01,0.01,0,0.01,0,0,0.01,0.13,0.02,0,0.16,0.01,0.02,0.26,0,0.01,0.01,0.01,0.02,0.02,0,0.15,0,0.02,0.01,0.01,0,0.15,0,0.02,0.02,0.04,0.1,0.01,0,0,0.02,0.02,0.02,0.02,0.01,0.01,0.01,0,0.02,0.02,0,0.02,0,0,0.01,0,0.02,0.01,0,0,0,0,0.01,0.01,0.02,0,0,0,0,0,0,0,0,0,0.01,0,0.01,0.01,0,0,0.02,1.01
2026-07,61.32,25.42,5.31,0.19,0.08,0.06,1.9,0.39,0.32,0.01,0.08,0.01,0,0.01,0.13,0.08,0.58,0.01,0.01,0.04,0.01,0.01,0,0.06,0.03,0.32,0.01,0.38,0.42,0.01,0,0,0,0.01,0.05,0,0.01,0.02,0.01,0.01,0,0,0.03,0,0,0,0,0,0.01,0.32,0,0,0.01,0,0,0,0.01,0.02,0.02,0.11,0.22,0.01,0.02,0.02,0,0.01,0.01,0.01,0.01,0.02,0,0.17,0,0.02,0.01,0.01,0,0.02,0,0.02,0.02,0.15,0.01,0.1,0,0,0.02,0.01,0.02,0.02,0,0.01,0.01,0.12,0.02,0.02,0,0.02,0,0,0.02,0,0.01,0.01,0,0,0.08,0,0,0.01,0,0,0,0,0,0,0,0,0,0,0,0,0.01,0.01,0,0,0.01,0.79
2026-08,60.14,26,5.73,0.16,0.08,0.06,1.99,0.34,0.29,0.01,0.03,0.01,0,0.01,0.04,0.08,0.68,0.01,0.01,0.03,0.01,0.01,0.01,0.06,0.03,0.37,0,0.09,0.38,0.01,0,0,0,0.01,0.05,0,0.01,0.01,0,0.01,0,0.4,0.02,0,0,0,0,0,0.01,0.03,0,0,0.06,0,0,0,0.01,0.01,0.02,0.33,0.05,0.01,0.02,0.01,0,0.01,0,0,0.01,0.02,0,0.02,0,0.02,0,0.01,0,0.01,0,0.02,0.02,0.11,0.01,0.1,0,0,0.02,0.01,0.02,0.02,0,0.01,0.01,0.13,0.02,0.02,0,0.02,0,0.06,0.02,0,0.01,0.01,0.16,0.16,0.14,0,0,0.01,0,0,0,0,0,0,0,0,0,0.15,0,0,0.01,0.01,0,0,0.01,0.81
2026-09,61.83,24.7,5.61,0.18,0.12,0.05,2.87,0.03,0.09,0,0.01,0,0,0,0.02,0.07,0.08,0.01,0,0.01,0,0.01,0,0.06,0.04,0.29,0,0.04,0.02,0.01,0,0,0,0.01,0.05,0,0,0.01,0,0,0,0.24,0.01,0,0,0,0,0,0.01,0.01,0,0,0.48,0,0,0,0.03,0.01,0.02,0.02,0.01,0,0.02,0.01,0,0.01,0,0,0.01,0.02,0,0.01,0,0.01,0,0,0,0.01,0,0.02,0.02,0.02,0.01,0.1,0,0,0.02,0,0.01,0.01,0,0.01,0,0.02,0.01,0.02,0,0.02,0,0.19,0.01,0,0,0.01,0.08,0.07,0.01,0.23,0,0.01,0,0,0,0,0.21,0,0,0.19,0,0.04,0,0,0.01,0.01,0,0.18,0.01,1.19
