"Date","macOS Catalina","macOS Cheetah","macOS 15.6","macOS Sierra","macOS High Sierra","macOS 15.7","macOS Mojave","macOS 19","macOS Sequoia","macOS 15.5","macOS 12.7","macOS Tahoe","macOS 14.6","macOS 13.7","macOS 14.4","macOS 14.5","macOS 15.3","macOS Sonoma","macOS 14.7","macOS 11.7","macOS Ventura","macOS 15.4","macOS 15.1","macOS 13.5","macOS Monterey","macOS 15.2","macOS 14.3","macOS 12.5","macOS 12.6","macOS 13.6","macOS 14.8","macOS 13.4","macOS 14.2","macOS 14.1","OS X 10.10","OS X El Capitan","macOS 13.2","macOS 13.3","macOS 12.2","macOS Big Sur 11.6","macOS 11","macOS 12.3","macOS 12.4","macOS 12.1","macOS Big Sur 11.0","macOS Big Sur 11.5","macOS 13.1","macOS El Capitan","macOS Big Sur 11.3","macOS Big Sur 11.2","macOS Big Sur 11.4","OS X Mavericks","macOS Big Sur 11.1","macOS Sequoia.0","mac OS X Snow Leopard","macOS Big Sur 10.16","OS X Mountain Lion","mac OS X Lion","Other"
2025-08,59.82,8.59,0,1.66,1.43,0,1.2,0,15.37,0,0.04,0.24,0,0,0.07,0,0.04,4.24,0.06,0,2.43,0,0,0,2.47,0,0.07,0.01,0.13,0.01,0,0,0,0.01,0.3,0.28,0,0,0,0,1,0.01,0,0,0.18,0,0,0,0,0.01,0,0.08,0.02,0,0.05,0.03,0.03,0.03,0.07
2025-09,60.42,4.59,7.05,2.18,1.89,0.41,1.47,0.01,5.84,1.38,0.97,1.57,0.85,0.52,0.5,0.53,0.48,1.52,0.5,0.39,1.07,0.43,0.3,0.32,0.94,0.19,0.22,0.17,0.18,0.21,0.03,0.2,0.16,0.15,0.19,0.18,0.13,0.11,0.1,0.09,0.41,0.07,0.06,0.06,0.28,0.05,0.05,0.08,0.04,0.06,0.03,0.08,0.03,0,0.05,0.04,0.03,0.03,0.12
2025-10,76.61,1.38,5.72,0.95,1.07,1.02,0.78,0.01,0.2,1.24,0.91,2.72,0.78,0.51,0.45,0.48,0.46,0.08,0.45,0.38,0.14,0.39,0.26,0.27,0.06,0.17,0.19,0.16,0.16,0.21,0.08,0.18,0.14,0.13,0.1,0.09,0.12,0.12,0.09,0.07,0.03,0.06,0.06,0.05,0.08,0.04,0.04,0.07,0.03,0.05,0.03,0.04,0.02,0,0.02,0.02,0.01,0.01,0.02
2025-11,64.59,1.9,11.32,1.16,1.45,2,0.97,0.02,0.3,1.64,1.34,2.46,1.15,0.74,0.63,0.68,0.69,0.11,0.64,0.5,0.21,0.53,0.47,0.39,0.08,0.33,0.27,0.23,0.22,0.24,0.17,0.27,0.21,0.18,0.14,0.13,0.17,0.14,0.12,0.11,0.04,0.08,0.08,0.08,0.22,0.06,0.08,0.11,0.04,0.06,0.03,0.06,0.02,0,0.03,0.03,0.02,0.01,0.03
2025-12,66.19,1.7,9.93,1.51,1.71,2.56,1.17,0,0.25,2.06,1.43,0.92,1.07,0.78,0.58,0.67,0.64,0.12,0.51,0.54,0.21,0.48,0.42,0.41,0.08,0.3,0.26,0.24,0.22,0.2,0.25,0.25,0.21,0.19,0.17,0.18,0.18,0.14,0.13,0.11,0.03,0.09,0.08,0.08,0.08,0.05,0.08,0.11,0.04,0.07,0.03,0.1,0.02,0,0.03,0.03,0.02,0.02,0.03
2026-01,63.87,2.88,6.72,1.92,2.11,4.17,1.53,0.01,0.27,2.37,1.48,0.78,1.16,0.85,0.52,0.72,0.63,0.12,0.52,0.56,0.25,0.46,0.49,0.44,0.09,0.37,0.27,0.35,0.23,0.22,0.33,0.24,0.22,0.2,0.52,0.52,0.18,0.15,0.13,0.1,0.03,0.09,0.08,0.09,0.06,0.06,0.08,0.12,0.04,0.07,0.04,0.12,0.02,0,0.03,0.03,0.02,0.02,0.03
2026-02,66.73,2.31,5.74,0.87,1.46,4.82,0.9,0,0.27,3.31,1.67,0.64,1.2,0.96,0.74,0.72,0.63,0.13,0.55,0.59,0.23,0.45,0.48,0.31,0.09,0.3,0.26,0.29,0.25,0.22,0.4,0.24,0.22,0.21,0.16,0.16,0.19,0.15,0.14,0.1,0.03,0.09,0.09,0.1,0.01,0.06,0.08,0.13,0.05,0.07,0.04,0.06,0.02,0,0.02,0.02,0.01,0.01,0.03
2026-03,62.33,1.18,3.5,5.79,3.8,4.49,3.32,0.01,0.21,3.48,1.57,0.51,1.04,0.9,0.67,0.61,0.55,0.11,0.44,0.53,0.19,0.38,0.34,0.25,0.09,0.22,0.24,0.23,0.21,0.18,0.39,0.21,0.2,0.18,0.16,0.15,0.16,0.14,0.12,0.1,0.03,0.08,0.08,0.09,0,0.05,0.07,0.12,0.04,0.06,0.03,0.06,0.02,0,0.02,0.01,0.02,0.02,0.02
2026-04,66.65,0.49,2.71,4.68,3.24,4.39,2.72,0.04,0.22,2.72,1.63,0.44,1.02,0.92,0.61,0.63,0.56,0.13,0.45,0.51,0.42,0.36,0.34,0.26,0.08,0.23,0.25,0.22,0.21,0.17,0.42,0.2,0.19,0.19,0.17,0.17,0.16,0.13,0.12,0.1,0.03,0.08,0.07,0.09,0,0.05,0.07,0.12,0.04,0.07,0.03,0.08,0.02,0,0.02,0.02,0.02,0.02,0.02
2026-05,55.38,4,1.65,12.09,6.67,2.92,6.31,0.61,0.16,1.56,1.12,0.28,0.7,0.63,0.42,0.44,0.39,0.08,0.33,0.38,0.13,0.26,0.25,0.21,0.05,0.17,0.18,0.2,0.15,0.16,0.28,0.15,0.16,0.14,0.13,0.13,0.11,0.11,0.08,0.08,0.02,0.07,0.07,0.07,0.01,0.06,0.05,0.08,0.04,0.06,0.03,0.05,0.02,0.01,0.02,0.02,0.02,0.01,0.03
2026-06,47.56,3.03,1.12,10.37,5.69,2.34,5.4,4.84,0.13,0.64,1.27,0.18,1.05,0.72,0.86,0.74,0.72,0.06,0.47,0.64,0.1,0.6,0.67,0.61,0.04,0.62,0.53,0.59,0.58,0.66,0.23,0.51,0.41,0.38,0.09,0.08,0.36,0.47,0.33,0.43,0.01,0.44,0.42,0.32,0.18,0.43,0.3,0.06,0.4,0.21,0.37,0.04,0.29,0.36,0.02,0.02,0.01,0.01,0.01
2026-07,53.9,10.83,1.15,3.41,2.28,2.5,1.94,7.71,0.14,0.59,1.27,0.2,0.94,0.71,0.73,0.62,0.58,0.13,0.38,0.54,0.11,0.49,0.53,0.43,0.05,0.46,0.4,0.41,0.45,0.44,0.25,0.39,0.32,0.31,0.11,0.08,0.31,0.34,0.26,0.32,0.02,0.32,0.31,0.25,0.15,0.3,0.24,0.06,0.3,0.17,0.29,0.04,0.22,0.27,0.02,0.01,0.01,0.01,0.01
2026-08,42.54,39.41,0.7,2.11,1.46,1.5,1.24,5.26,0.15,0.32,0.67,0.11,0.51,0.36,0.28,0.22,0.33,0.18,0.38,0.22,0.07,0.19,0.19,0.09,0.03,0.09,0.1,0.08,0.07,0.07,0.17,0.08,0.07,0.07,0.07,0.06,0.07,0.05,0.05,0.04,0.01,0.03,0.03,0.03,0.01,0.02,0.03,0.04,0.02,0.03,0.01,0.03,0.01,0.01,0.01,0,0.01,0.01,0.02
2026-09,74.51,0.18,1.42,0.71,1.16,3.19,0.69,6.66,0.22,0.79,1.56,0.23,1.02,0.73,0.51,0.49,0.53,0.3,0.46,0.44,0.16,0.29,0.3,0.21,0.06,0.24,0.19,0.17,0.16,0.15,0.38,0.18,0.14,0.14,0.14,0.13,0.14,0.1,0.08,0.09,0.02,0.07,0.05,0.06,0.01,0.04,0.05,0.09,0.03,0.05,0.02,0.06,0.01,0,0.02,0.01,0.01,0.02,0.15
