"Date","Android","Windows","iOS","OS X","macOS","Linux","Chrome OS","Samsung","Xbox","KaiOS","Playstation","Other"
2025-08,46.85,28.43,16.78,3.59,1.98,1.63,0.56,0.13,0.02,0.01,0.01,0.01
2025-09,46.33,30.28,15.57,3.56,1.96,1.43,0.69,0.12,0.02,0.02,0.01,0.01
2025-10,40.59,32.58,15.57,6.92,2.06,1.46,0.66,0.12,0.01,0.02,0.01,0.01
2025-11,40.38,34.67,16.03,4.13,2.42,1.54,0.65,0.13,0.01,0.02,0.01,0.01
2025-12,41.95,32.44,16.85,3.78,2.3,1.89,0.6,0.13,0.02,0.02,0.01,0.01
2026-01,39.17,34.99,16.82,3.65,2.47,2.09,0.63,0.13,0.02,0.01,0.01,0.01
2026-02,39.09,33.77,18.54,3.72,2.49,1.47,0.75,0.12,0.02,0,0.01,0
2026-03,41.46,28.79,20.36,4.51,2.48,1.5,0.76,0.12,0,0.01,0.01,0
2026-04,39.83,31.84,19.74,4.1,2.18,1.5,0.76,0.03,0.01,0.01,0.01,0
2026-05,38.37,32.91,18.49,5.56,2.23,1.65,0.74,0,0.03,0.01,0.01,0
2026-06,40.22,29.68,18.51,6.25,2.35,2.31,0.63,0,0.03,0.01,0.01,0
2026-07,41.44,27.59,19.69,4.73,3,2.93,0.57,0,0.04,0.01,0.01,0
2026-08,38.56,26.65,19.11,4.89,6.37,3.71,0.66,0,0.03,0.01,0.01,0
2026-09,42.54,28.98,19.45,4.05,2.32,1.73,0.88,0,0.03,0.01,0.01,0
