"Date","iOS 18.6","iOS 18.7","iOS 26.5","iOS 26.3","iOS 26.2","iOS 18.5","iOS 26.6","iOS 26.4","iOS 26.1","iOS 16.7","iOS 11.0","iOS 15.8","iOS 18.3","iOS 26.0","iOS 17.6","iOS 18.1","iOS 18.4","iOS 17.5","iOS 17.7","iOS 18.2","iOS 16.6","iOS 18.0","iOS 17.4","iOS 16.1","iOS 16.3","iOS 12.5","iOS 26","iOS 17.3","iOS 17.1","iOS 15.6","iOS 16.0","iOS 16.2","iOS 27","iOS 17.2","iOS 16.5","iOS 27.0","iOS 15.7","iOS 17.0","iOS 15.5","iOS 10.3","iOS 15.4","iOS 16.4","iOS 15.0","iOS 13.2","iOS 14.4","iOS 15.3","iOS 15.1","iOS 14.6","iOS 26.7","iOS 9.3","iOS 14.8","iOS 15.2","iOS 19.0","iOS 14.7","iOS 11.3","iOS 13.6","iOS 7.0","iOS 12.4","iOS 14.2","iOS 6.0","iOS 14.3","iOS 14.0","iOS 13.3","iOS 4.3","iOS 13.5","iOS 12.3","iOS 12.1","iOS 13.7","Other"
2025-08,32.52,0,0,0,0,38.63,0,0,0,2.69,3.83,2.1,2.9,0.39,2.24,1.52,1.67,1.2,0.72,0.85,0.69,0.75,0.55,0.66,0.63,0.52,0,0.37,0.33,0.32,0.32,0.34,0,0.24,0.26,0,0.2,0.18,0.2,0.18,0.18,0.14,0.11,0.03,0.1,0.09,0.07,0.06,0,0.1,0.07,0.07,0.29,0.06,0.05,0.05,0.04,0.03,0.03,0.05,0.03,0.03,0.02,0.02,0.02,0.02,0.02,0.02,0.17
2025-09,59.64,1.65,0,0,0,11.07,0,0,0.03,2.55,2.82,1.95,2.45,2.55,2.09,1.37,1.32,1.1,0.67,0.74,0.64,0.67,0.59,0.61,0.56,0.45,0,0.36,0.31,0.3,0.31,0.31,0,0.22,0.24,0,0.18,0.17,0.19,0.2,0.16,0.13,0.12,0.04,0.09,0.07,0.07,0.07,0,0.09,0.06,0.07,0.1,0.06,0.05,0.04,0.04,0.03,0.03,0.04,0.02,0.02,0.02,0.01,0.02,0.02,0.02,0.01,0.19
2025-10,48.1,14.39,0,0,0,7.48,0,0,0.25,2.37,2.51,1.79,2.12,6.87,1.96,1.22,1.09,1.03,0.64,0.66,0.6,0.59,0.6,0.56,0.52,0.44,0,0.34,0.32,0.27,0.3,0.29,0,0.23,0.23,0,0.16,0.21,0.17,0.17,0.15,0.13,0.1,0.05,0.08,0.07,0.07,0.06,0,0.09,0.06,0.06,0.05,0.05,0.05,0.05,0.03,0.03,0.03,0.04,0.03,0.02,0.02,0.01,0.02,0.01,0.01,0.01,0.17
2025-11,42.14,20.9,0,0,0.2,6.79,0,0,4.17,2.33,1.85,1.74,1.95,4.79,1.78,1.12,1,0.97,0.6,0.6,0.6,0.53,0.51,0.5,0.48,0.42,0,0.31,0.3,0.26,0.27,0.26,0,0.22,0.2,0,0.17,0.25,0.15,0.16,0.14,0.12,0.1,0.05,0.06,0.07,0.06,0.06,0,0.09,0.07,0.06,0.04,0.05,0.05,0.05,0.03,0.03,0.03,0.04,0.03,0.02,0.02,0.01,0.02,0.01,0.02,0.01,0.18
2025-12,29.79,30.29,0,0.09,2.04,5.98,0,0,10.73,2.29,1.7,1.75,1.79,1.29,1.66,1.04,0.92,0.96,0.56,0.55,0.53,0.5,0.49,0.48,0.45,0.38,0,0.29,0.26,0.25,0.25,0.25,0,0.19,0.19,0,0.17,0.16,0.14,0.14,0.13,0.11,0.1,0.07,0.06,0.06,0.06,0.05,0,0.08,0.05,0.06,0.02,0.04,0.04,0.03,0.03,0.04,0.03,0.04,0.02,0.02,0.02,0.02,0.02,0.01,0.03,0.01,0.18
2026-01,19.73,24.05,0,0.53,22.9,5.01,0,0,7.66,2.2,2.1,1.67,1.61,0.98,1.5,0.93,0.79,0.81,0.53,0.49,0.48,0.44,0.43,0.43,0.41,0.41,0.4,0.25,0.24,0.27,0.22,0.22,0,0.17,0.17,0,0.15,0.17,0.14,0.17,0.12,0.09,0.08,0.12,0.05,0.05,0.05,0.05,0,0.09,0.05,0.04,0.01,0.04,0.05,0.03,0.03,0.02,0.02,0.04,0.02,0.01,0.01,0.01,0.01,0.01,0.01,0.01,0.17
2026-02,10.16,8.66,0,8.08,47.9,3.92,0,0.14,3.14,2.22,0.87,1.65,1.45,0.72,1.4,0.86,0.72,0.75,0.5,0.46,0.47,0.42,0.38,0.4,0.4,0.42,0.88,0.25,0.2,0.23,0.21,0.22,0,0.16,0.16,0,0.15,0.13,0.13,0.09,0.11,0.09,0.07,0.14,0.05,0.05,0.05,0.04,0,0.01,0.05,0.04,0.01,0.04,0.03,0.03,0.01,0.03,0.02,0.01,0.02,0.01,0.02,0.01,0.01,0.02,0,0.01,0.1
2026-03,7.9,8.83,0,48.57,11.18,3.31,0,1.82,1.9,2.03,1.26,1.45,1.31,0.58,1.28,0.78,0.63,0.68,0.47,0.41,0.43,0.38,0.36,0.35,0.36,0.36,0.67,0.22,0.18,0.19,0.18,0.2,0,0.16,0.15,0,0.13,0.11,0.11,0.05,0.1,0.08,0.08,0.15,0.04,0.04,0.05,0.03,0,0,0.03,0.04,0.01,0.03,0.03,0.03,0.02,0.02,0.02,0,0.02,0.01,0.02,0.01,0.01,0.01,0,0.01,0.08
2026-04,4.55,11.68,0.47,44.2,7.18,2.59,0,11.56,1.58,2.04,1.89,1.49,1.15,0.53,1.19,0.71,0.54,0.65,0.46,0.38,0.39,0.35,0.35,0.32,0.33,0.35,0.66,0.21,0.17,0.18,0.17,0.18,0,0.14,0.13,0,0.12,0.1,0.11,0.04,0.09,0.07,0.07,0.1,0.04,0.04,0.04,0.04,0,0,0.03,0.03,0.01,0.03,0.03,0.02,0.02,0.02,0.02,0,0.02,0.01,0.01,0.01,0.01,0.01,0,0.01,0.07
2026-05,3.25,11.14,11.79,16.04,5.08,2.17,0.01,33.08,1.32,1.91,2.37,1.41,1.04,0.49,1.19,0.65,0.48,0.62,0.44,0.35,0.34,0.33,0.46,0.28,0.33,0.32,0.57,0.29,0.17,0.16,0.18,0.15,0.01,0.15,0.12,0,0.12,0.1,0.09,0.09,0.08,0.07,0.07,0.11,0.04,0.03,0.03,0.07,0,0,0.03,0.03,0.01,0.03,0.03,0.02,0.02,0.02,0.02,0,0.01,0.01,0.01,0.01,0.01,0.01,0.01,0.01,0.1
2026-06,2.7,10.4,54.67,4.25,3.11,1.93,0.34,4.87,1.03,1.97,3.31,1.45,1.04,0.45,1.05,0.63,0.47,0.57,0.42,0.34,0.31,0.33,0.32,0.26,0.3,0.32,0.54,0.21,0.15,0.17,0.16,0.14,0.12,0.14,0.11,0.1,0.13,0.1,0.09,0.11,0.07,0.07,0.07,0.11,0.03,0.03,0.03,0.05,0,0,0.03,0.03,0,0.03,0.02,0.02,0.03,0.02,0.02,0,0.01,0.01,0.01,0.01,0.01,0.01,0.01,0.01,0.11
2026-07,2.11,10.56,62.59,2.91,2.5,1.61,0.91,2.47,0.9,1.95,1.06,1.43,0.9,0.42,0.91,0.57,0.41,0.53,0.39,0.31,0.28,0.3,0.26,0.24,0.27,0.3,0.44,0.17,0.13,0.14,0.14,0.13,0.29,0.12,0.1,0.22,0.11,0.1,0.08,0.1,0.07,0.06,0.06,0.01,0.03,0.03,0.03,0.02,0,0,0.02,0.02,0,0.03,0.02,0.02,0.02,0.01,0.02,0,0.01,0.01,0.01,0.01,0.01,0.01,0.01,0.01,0.09
2026-08,1.8,10.37,32.15,2.29,2.03,1.39,34.88,1.77,0.77,1.83,0.74,1.33,0.85,0.36,0.82,0.51,0.42,0.47,0.38,0.35,0.25,0.26,0.23,0.21,0.25,0.3,0.4,0.16,0.12,0.12,0.12,0.11,0.38,0.11,0.09,0.31,0.11,0.08,0.08,0.11,0.06,0.06,0.06,0.06,0.03,0.03,0.03,0.02,0,0,0.02,0.02,0,0.03,0.02,0.02,0.02,0.02,0.01,0,0.01,0.01,0.01,0.02,0.01,0.01,0.01,0.01,0.09
2026-09,1.8,10.19,9.14,1.86,1.72,1.46,56.35,1.36,0.66,1.6,0.01,1.11,1.04,0.29,0.72,0.44,0.65,0.41,0.34,0.6,0.21,0.22,0.21,0.18,0.22,0.25,0.36,0.15,0.1,0.1,0.1,0.1,2.41,0.1,0.08,1.74,0.09,0.07,0.06,0.1,0.05,0.05,0.04,0.05,0.03,0.02,0.02,0.02,0.72,0,0.02,0.02,0,0.02,0.02,0.01,0.02,0.01,0.01,0,0.01,0.01,0.01,0.01,0.01,0.01,0.01,0.01,0.17
