"Date","15.0","16.0","13.0","14.0","12.0","11.0","10.0","9.0 Pie","5.0 Lollipop","6.0 Marshmallow","8.0 Oreo","8.1 Oreo","7.0 Nougat","7.1 Nougat","17.0","5.1 Lollipop","4.4 KitKat","25.8","25.1","4.3 Jelly Bean","Other"
2025-08,28.86,1.05,15.3,16.7,11.09,9.26,4.99,2.54,3.13,2.01,2.64,0.78,1.09,0.15,0,0.24,0.04,0.02,0,0.02,0.08
2025-09,30.92,1.3,15.23,15.53,11.14,9.24,4.88,2.6,2.78,1.73,1.79,1.42,0.8,0.23,0,0.22,0.04,0.07,0,0.02,0.06
2025-10,30.09,4.66,15.04,15,10.96,8.93,4.83,2.43,2.07,1.78,1.43,1.56,0.59,0.25,0,0.21,0.03,0.07,0,0.02,0.06
2025-11,26.4,10.11,15.07,14.74,10.91,8.87,4.83,2.35,1.6,1.49,1.12,1.49,0.44,0.23,0,0.2,0.03,0.04,0.01,0.02,0.05
2025-12,24.16,13.44,14.81,14.17,10.72,8.87,4.7,2.27,1.7,1.37,1.04,1.52,0.67,0.22,0,0.18,0.04,0,0.05,0.02,0.05
2026-01,22.75,15.98,14.52,13.84,10.49,8.35,4.6,2.22,1.67,1.63,1.26,1.39,0.74,0.22,0,0.18,0.05,0,0.05,0.02,0.04
2026-02,21.34,19.09,14.96,14.14,10.65,8.48,4.69,2.29,0.59,0.83,0.73,1.37,0.34,0.23,0,0.15,0.03,0,0.06,0.01,0.03
2026-03,20.51,21.83,14.54,13.68,10.26,8.02,4.44,2.12,0.7,0.99,0.95,1.3,0.18,0.21,0,0.14,0.02,0,0.05,0,0.05
2026-04,19,22.46,14.46,13.4,9.99,7.93,4.29,2.1,1.7,1.43,1.33,1.25,0.17,0.2,0.02,0.14,0.02,0,0.01,0,0.08
2026-05,18.02,23.1,14.29,13.02,9.96,7.93,4.06,2.1,2.17,1.68,1.74,1.22,0.24,0.19,0.02,0.13,0.02,0,0.01,0.01,0.07
2026-06,17.25,23.89,14.28,12.69,9.89,7.94,4.15,1.99,2.05,2.02,2.04,1.18,0.18,0.18,0.06,0.12,0.02,0,0,0.01,0.07
2026-07,17.46,25.71,14.88,13.04,10.14,8.2,4.3,1.97,0.6,0.83,0.85,1.13,0.16,0.17,0.35,0.11,0.02,0,0,0,0.09
2026-08,17.15,26.01,14.88,12.96,10.12,8.17,4.28,1.97,0.43,0.68,0.68,1.1,0.16,0.16,0.99,0.1,0.02,0,0,0,0.11
2026-09,16.13,37.99,11.67,11.95,7.66,6.14,3.32,1.48,0.03,0.22,0.26,0.8,0.14,0.12,1.78,0.08,0.01,0,0,0,0.2
