record_id,report_utc,platform,device_kind,device_name,form_factor,os_version,source_commit,in_sold_app,result,features_checked,linked_evidence_ids
efbd9d5c/20260923T191837Z,2026-09-23T19:18:37Z,android,unknown,not recorded,unknown,not recorded,not recorded,unknown,unknown,"open_pack | other:play screen re-entry loop on build 109 (25 iterations, in progress) | other:audio engine start count",
efbd9d5c/20260923T225837Z,2026-09-23T22:58:37Z,android,emulator,unipad-pixel,unknown,"Android 15, API 35",not recorded,unknown,fail,open_pack | settings | store | other:theme screen | other:play re-entry loop x20 (build HEAD) | other:MIDI select screen dual-pad toggling x31 (no hardware) | other:screen resize during autoplay x5 | ,EV-A35-efbd9d5c-0923
efbd9d5c/20260924T014337Z,2026-09-24T01:43:37Z,android,emulator,not recorded,unknown,not recorded,not recorded,unknown,fail,open_pack | settings | store | other:play re-entry loop x20 and rapid re-entry x40 (build HEAD) | other:MIDI select screen driver switch (no hardware) | other:leave during loading | other:audio start/,EV-AND-efbd9d5c-0924
928fadcb/20260924T024941Z,2026-09-24T02:49:41Z,android,emulator,not recorded,unknown,not recorded,not recorded,unknown,pass,other:audio focus loss/regain on incoming call (emulated) | other:autoplay resume after call | other:focus release on exit,
7bed979a/20260924T030037Z,2026-09-24T03:00:37Z,android,emulator,not recorded,unknown,not recorded,not recorded,unknown,pass,sound | open_pack | other:audio output reroute stream reopen | other:leave/re-enter play screen during reroute,
50ef3c33/20260924T075342Z,2026-09-24T07:53:42Z,android,emulator,not recorded,unknown,Android 15,not recorded,unknown,unknown,install | open_pack | other:autoplay | other:cpu_measurement,
b40eb3cc/20260924T075344Z,2026-09-24T07:53:44Z,android,emulator,not recorded,unknown,not recorded,not recorded,unknown,pass,open_pack | other:2 working notes not reproduced,
255966e0/20260924T080437Z,2026-09-24T08:04:37Z,android,emulator,not recorded,unknown,not recorded,not recorded,unknown,pass,"install | open_pack | led_or_light | other:autoplay play then close x3, close during loading x3 (audio engine unload race), re-open",
50ef3c33/20260924T083237Z,2026-09-24T08:32:37Z,android,emulator,not recorded,unknown,API 35,not recorded,unknown,pass,sound | led_or_light | other:lifecycle_pause_resume | other:autoplay | other:incoming_call_audio_focus | other:step_mode | other:rapid_reentry,
4722626d/20260924T094037Z,2026-09-24T09:40:37Z,android,emulator,not recorded,unknown,API 35,not recorded,unknown,pass,open_pack | led_or_light | other:autoplay | other:home leave/return | other:sound loading progress | other:1 working notes not reproduced,
91a3b940/20260924T100302Z,2026-09-24T10:03:02Z,android,emulator,not recorded,unknown,not recorded,not recorded,unknown,pass,open_pack | led_or_light | other:LED switch off/on during finite/looping pattern | other:home return and exit/re-enter | other:Faded playback,
4722626d/20260924T102743Z,2026-09-24T10:27:43Z,android,emulator,not recorded,unknown,API 35,not recorded,unknown,pass,open_pack | led_or_light | other:home leave/return | other:sound loading progress | other:1 working notes not reproduced,
91a3b940/20260924T111237Z,2026-09-24T11:12:37Z,android,emulator,not recorded,unknown,not recorded,not recorded,unknown,pass,led_or_light | open_pack | other:LED toggle timing (long/short/repeated off) | other:home leave/return lifecycle,
ceb82bd6/20260924T112337Z,2026-09-24T11:23:37Z,android,emulator,not recorded,unknown,not recorded,not recorded,unknown,pass,open_pack | led_or_light | other:leave play screen during loading (5x) | other:re-enter play screen | other:native memory after big pack | other:audio stream state (AAudio started/gone),EV-AND-ceb82bd6-0924
a30500de/20260925T020438Z,2026-09-25T02:04:38Z,android,emulator,not recorded,unknown,not recorded,not recorded,unknown,pass,install | open_pack | rotation | other:4 working notes not reproduced,
ad9dfbce/20260925T035651Z,2026-09-25T03:56:51Z,android,emulator,not recorded,unknown,not recorded,not recorded,unknown,pass,open_pack | led_or_light | rotation | other:4 working notes not reproduced,
0c6490a6/20260925T044037Z,2026-09-25T04:40:37Z,android,emulator,not recorded,unknown,not recorded,not recorded,unknown,pass,open_pack | other:back_key_menu_toggle_during_loading | other:unit_tests_PlayActivityViewModelTest(5),
9f4173ac/20260925T053540Z,2026-09-25T05:35:40Z,android,emulator,unipad-pixel,unknown,Android 15 (API 35),94f4e690,yes,pass,install | open_pack | led_or_light | settings | other:autoplay controls (next/prev/pause/resume) | other:back during loading | other:home leave/return | other:cold restart | other:open source license ,EV-A35-9f4173ac-0925
607bd6bf/20260925T061937Z,2026-09-25T06:19:37Z,ios,simulator,iPhone 17 Pro,phone,iOS 26.4,commits eb8353d; uncommitted changes,no,pass,open_pack | other:analytics_events_local_log | other:open_in_import,EV-I264-607bd6bf-0925
9532e26d/20260925T063038Z,2026-09-25T06:30:38Z,ios,unknown,not recorded,unknown,not recorded,9e21bf8,yes,blocked,,EV-I17-9532e26d-0925-blocked
9532e26d/20260925T070337Z,2026-09-25T07:03:37Z,ios,unknown,not recorded,unknown,not recorded,commits 9e21bf8924806aa52f20146a9e98973536ad647e,yes,blocked,,
9532e26d/20260925T085340Z,2026-09-25T08:53:40Z,ios,unknown,not recorded,unknown,not recorded,HEAD f233f3b,unknown,blocked,,
9532e26d/20260925T100038Z,2026-09-25T10:00:38Z,ios,simulator,iPhone 17 Pro,phone,iOS 26.3.1,f233f3b505735d28793537c68caf85f1169fadbc,yes,pass,"install | open_pack | settings | store | other:theme screen | other:pack import via openurl (open-in) | other:usage analytics events in local log (pack_import, pack_load) | other:unit tests 33 passed",EV-I263-9532e26d-0925
5a6e45ad/20260925T134038Z,2026-09-25T13:40:38Z,android,emulator,AVD unipad-pixel,unknown,Android 15 / API 35,HEAD `e7e98489`,no,pass,rotation | other:transfer_screen_search_select | other:activity_recreate_density_change | other:process_kill_restore | other:instrumented_test_before_after,EV-A35-5a6e45ad-0925
5a6e45ad/20260925T160338Z,2026-09-25T16:03:38Z,android,emulator,AVD unipad-pixel (sdk_gphone64_arm64),unknown,Android 15(API 35),not recorded,unknown,pass,rotation | other:transfer_screen_search_select | other:activity_recreate_density_change | other:process_kill_restore,
9f4173ac/20260926T044324Z,2026-09-26T04:43:24Z,android,emulator,unipad-pixel,unknown,Android 15 (API 35),8fac57e9a346e802d6ccf19d083c227e8f9c9932,yes,pass,install | open_pack | led_or_light | settings | other:Transfer UniPacks screen (search/select/deselect/clear) | other:process-death restore | other:autoplay controls | other:back during loading | othe,EV-A35-9f4173ac-0926
8f66f8fb/20260926T054938Z,2026-09-26T05:49:38Z,android,emulator,unipad-pixel,unknown,Android 15 (API 35),commits 8fac57e9; uncommitted changes,no,fail,"install | open_pack | led_or_light | rotation | other:pad release LED-lock wait / ANR measurement before vs after | other:leave/return, recreate (wm density), process kill restore, cold restart",EV-A35-8f66f8fb-0926
33da300a/20260926T073938Z,2026-09-26T07:39:38Z,android,emulator,AVD unipad-pixel (google/sdk_gphone64_arm64/emu64a:15/AE3A.240806.043),phone,API 35,commits 7d740029,no,pass,open_pack | led_or_light | other:LED update backlog input latency (extreme test pack + Joanna) | other:home leave/return | other:activity recreate via wm density 360 | other:process kill/restore | oth,
103642cd/20260926T093038Z,2026-09-26T09:30:38Z,android,emulator,unipad-pixel,phone,"Android 15, API 35",commits 6473b0b9; uncommitted changes,no,pass,open_pack | led_or_light | other:home_return_lifecycle | other:activity_recreation_density_change | other:process_restore | other:autoplay_controls,
103642cd/20260926T103638Z,2026-09-26T10:36:38Z,android,emulator,unipad-pixel,phone,"Android 15, API 35",commits 6473b0b9; uncommitted changes,no,pass,open_pack | led_or_light | other:home_return_lifecycle | other:activity_recreation_density_change | other:process_restore | other:autoplay_controls,
103642cd/20260926T114240Z,2026-09-26T11:42:40Z,android,emulator,unipad-pixel,phone,"Android 15, API 35",commits 6473b0b9; uncommitted changes,no,pass,open_pack | led_or_light | other:home_return_lifecycle | other:activity_recreation_density_change | other:process_restore | other:autoplay_controls,
590c64fd/20260926T115344Z,2026-09-26T11:53:44Z,web,browser-viewport,Headless Chromium,desktop,not recorded,commits 765ff1e; uncommitted changes,no,pass,other:web_i18n_locale_routing_cookie | other:web_player_page_empty_state | other:open_redirect_probes,
d1d34600/20260926T132144Z,2026-09-26T13:21:44Z,ios,simulator,iPhone 17 Pro,phone,iOS 26.4,commits fe2e99c; uncommitted changes,no,pass,"install | settings | store | open_pack | other:Settings back navigation (3x repeat, via Theme) | other:back button tap-target size (44pt) | other:screen walk (home/settings/theme/store/pack/play)",
4b0dbb29/20260926T174050Z,2026-09-26T17:40:50Z,ios,simulator,iPhone 17 Pro,phone,iOS 27.0 (24A434),not recorded; uncommitted changes,no,pass,open_pack | other:play_pad_grid_centering | other:menu_panel | other:chain_select | other:landscape_only_app,
103642cd/20260926T180239Z,2026-09-26T18:02:39Z,not recorded,unknown,not recorded,unknown,not recorded,not recorded,unknown,unknown,,
59c22143/20260926T193539Z,2026-09-26T19:35:39Z,ios,simulator,iPhone 17 Pro,phone,iOS 27.0,"commits 0c66fd0, a79a3c46; uncommitted changes",no,pass,install | open_pack | store | settings | rotation | other:home_top_bar_icons | other:home_guiding_cards | other:search,
60999e7a/20260926T193541Z,2026-09-26T19:35:41Z,web,browser-viewport,"Chromium (Playwright 1.x), 1440×900",desktop,not recorded,8527612,no,pass,other:web App Store link (iOS card/menu/footer) | other:docs/get-started page | other:FAQ | other:/play empty-state guide link | other:en/ko locale switch | store,
60999e7a/20260926T193541Z,2026-09-26T19:35:41Z,web,browser-viewport,"WebKit (Playwright 1.x; iPhone Safari engine, iOS 26 user agent, touch), 390x844",phone,not recorded,8527612,no,partial,other:web App Store link (iOS card/menu/footer) | other:docs/get-started page | other:FAQ | other:/play empty-state guide link | other:en/ko locale switch | store,EV-WEB-60999e7a-0926
103642cd/20260926T194637Z,2026-09-26T19:46:37Z,not recorded,unknown,not recorded,unknown,not recorded,not recorded,unknown,unknown,,
103642cd/20260926T203037Z,2026-09-26T20:30:37Z,not recorded,unknown,not recorded,unknown,not recorded,not recorded,unknown,unknown,,
218f8765/20260926T232636Z,2026-09-26T23:26:36Z,android,emulator,unipad-pixel,phone,Android 15(API 35),6473b0b9,no,pass,install | open_pack | other:autoplay start/progress/pause,
103642cd/20260927T003237Z,2026-09-27T00:32:37Z,android,emulator,not recorded,unknown,not recorded,not recorded,unknown,blocked,,
103642cd/20260927T013937Z,2026-09-27T01:39:37Z,not recorded,unknown,not recorded,unknown,not recorded,not recorded,unknown,unknown,,
103642cd/20260927T022337Z,2026-09-27T02:23:37Z,not recorded,unknown,not recorded,unknown,not recorded,not recorded,unknown,unknown,,
219849d1/20260927T025637Z,2026-09-27T02:56:37Z,android,emulator,unipad-pixel,phone,Android 15(API 35),not recorded,unknown,pass,"install | open_pack | store | settings | other:first-run empty-state guide (en/ko), guide link opens browser, small screen + font scale 1.3, pack import via file picker | other:locale switch (app loca",
38a4f508/20260927T034037Z,2026-09-27T03:40:37Z,android,emulator,not recorded,unknown,not recorded,not recorded,unknown,blocked,,
852a7897/20260927T034040Z,2026-09-27T03:40:40Z,ios,simulator,iPhone 17 Pro,phone,iOS 27.0,commits 4ee81a9,no,pass,install | open_pack | settings | store | rotation | other:localization ko/en/es/de/ja home and screen walk | other:import screen (system file picker),
103642cd/20260927T043537Z,2026-09-27T04:35:37Z,android,emulator,unipad-pixel,phone,Android 15 / API 35,commits 6473b0b9; uncommitted changes,no,pass,open_pack | led_or_light | other:home_return_lifecycle | other:activity_recreation_density_change | other:process_restore | other:autoplay_controls,
38a4f508/20260927T044657Z,2026-09-27T04:46:57Z,android,emulator,AVD unipad-pixel,phone,API 35,commits 8dc49266,no,pass,install | open_pack | store | other:pack-import dialog (OK / Play now opens only the imported pack) | other:localization ko/es of import dialog,
103642cd/20260927T060537Z,2026-09-27T06:05:37Z,android,emulator,unipad-pixel,phone,Android 15 / API 35,commits 6473b0b9; uncommitted changes,no,pass,open_pack | led_or_light | other:home_return_lifecycle | other:activity_recreation_density_change | other:process_restore | other:autoplay_controls,
55ab6d89/20260927T060541Z,2026-09-27T06:05:41Z,ios,simulator,iPhone 17 Pro,phone,iOS 27.0,commits 4ee81a9; uncommitted changes,no,pass,install | open_pack | store | other:import_result_dialog_play_now | other:existing_pack_open_from_list,
347a6e7b/20260927T065145Z,2026-09-27T06:51:45Z,ios,simulator,iPhone 17 Pro,phone,iOS 27.0,commits e8372a1; uncommitted changes,no,pass,install | open_pack | settings | store | rotation | other:first-pack guide card (en/ko/es/de) + link + import via file picker | other:cold-launch flicker recording,EV-I27-347a6e7b-0927
103642cd/20260927T081937Z,2026-09-27T08:19:37Z,android,emulator,unipad-pixel,unknown,Android 15 / API 35,commits 6473b0b9; uncommitted changes,no,pass,install | open_pack | led_or_light | other:LED off / screen-leave freeze timing (before vs after APK) | other:screen recreate (density 360) | other:process kill/restore | other:autoplay pause/resume/p,
9f348148/20260927T083040Z,2026-09-27T08:30:40Z,web,browser-viewport,"headless Chromium (Playwright, --mute-audio)",desktop,not recorded,not recorded; uncommitted changes,no,pass,"open_pack | led_or_light | other:web usage analytics events (pack_load, pad_press, autoplay_start) into fake sink | other:autoplay",
a3e1993f/20260927T083041Z,2026-09-27T08:30:41Z,ios,simulator,iPhone 17 Pro,phone,iOS 27.0,commits e8372a1; uncommitted changes,no,pass,install | open_pack | settings | store | other:3 working notes not reproduced,
5386a877/20260927T101314Z,2026-09-27T10:13:14Z,android,emulator,AVD unipad-pixel,phone,API 35,commits 8dc49266,no,pass,store | rotation | other:navigation_bar_color_3button_vs_gesture | other:small_screen_720x1600_320dpi,
5386a877/20260927T101314Z,2026-09-27T10:13:14Z,ios,simulator,iPhone 17 Pro,phone,iOS 27.0,commits e8372a1,no,pass,store | rotation,
aacdec05/20260927T110915Z,2026-09-27T11:09:15Z,ios,simulator,iPhone 17 Pro,phone,iOS 27.0,not recorded,unknown,pass,install | open_pack | settings | store | other:3 working notes not reproduced,
103642cd/20260927T114234Z,2026-09-27T11:42:34Z,android,emulator,unipad-pixel,unknown,Android 15 / API 35,commits 6473b0b9; uncommitted changes,no,pass,install | open_pack | led_or_light | other:LED off / screen-leave freeze timing (before vs after APK) | other:chain move preserved after LED off/leave (LED Chain Check) | other:screen recreate (densit,
38a4f508/20260927T134433Z,2026-09-27T13:44:33Z,android,emulator,AVD unipad-pixel,phone,API 35,"commits ca51c08e, b81cebc; uncommitted changes",no,pass,"install | open_pack | other:new import-result dialog (success/warning/failed, long title, Play now vs OK vs outside tap vs back) | other:localization ko/en/de | other:small screen (720x1280, density 3",
1d1a0cc3/20260927T143933Z,2026-09-27T14:39:33Z,web,browser-viewport,Google Chrome headless (--headless=new),desktop,not recorded,commits 779cfe3; uncommitted changes,no,pass,other:pnpm lint/build run to completion | other:home page render,
1d1a0cc3/20260927T143933Z,2026-09-27T14:39:33Z,web,browser-viewport,Google Chrome headless (--headless=new),phone,not recorded,commits 779cfe3; uncommitted changes,no,pass,other:pnpm lint/build run to completion | other:home page render,
55ab6d89/20260927T160730Z,2026-09-27T16:07:30Z,ios,simulator,not recorded,unknown,not recorded,not recorded,unknown,unknown,other:import_result_dialog_play_now | other:localization_ko_en_de | other:import_failure_warning_long_title,
02fecc90/20260927T170546Z,2026-09-27T17:05:46Z,ios,simulator,iPhone 17 Pro,phone,iOS 27.0,not recorded,unknown,pass,open_pack | settings | store | other:theme_screen | other:push_registration_unit_tests(10) | other:app_launch_firebase_local_only,
bfe48247/20260927T173932Z,2026-09-27T17:39:32Z,android,emulator,AVD unipad-pixel,phone,Android 15,commits b81cebc3; uncommitted changes,no,pass,install | open_pack | settings | led_or_light | other:3 working notes not reproduced,
6a0c0958/20260927T185835Z,2026-09-27T18:58:35Z,web,browser-viewport,"Chromium headless (Playwright 1.63), 1440×900",desktop,not recorded,b6b857c,unknown,pass,open_pack | led_or_light | other:auto-play/pause/resume/stop | other:frame timing / CPU 6x throttle before-after,
286fd337/20260927T192030Z,2026-09-27T19:20:30Z,android,emulator,unipad-pixel,phone,Android 15 / API 35,commits 2a05c6f6; uncommitted changes,no,pass,"install | open_pack | settings | other:play menu Auto Mapping/quit contrast on 3 skins before vs after | other:menu open/close, autoplay select+pause, auto mapping, quit",
3f6c2478/20260927T204832Z,2026-09-27T20:48:32Z,ios,simulator,iPhone 17 Pro,phone,iOS 27.0 (24A434),not recorded,unknown,pass,install | settings | store | open_pack | other:FCM token / installation ID row in Settings (dev item) | other:cold-launch timing comparison vs baseline build,
226d627d/20260927T220531Z,2026-09-27T22:05:31Z,android,emulator,unipad-pixel,phone,Android 15 (API 35),commits f7c5776c; uncommitted changes,no,pass,"install | open_pack | settings | other:play menu text contrast on 3 skins (default/#424242/#808080) before vs after | other:guide/autoplay select, pause, auto mapping, quit",
55ab6d89/20260927T222859Z,2026-09-27T22:28:59Z,ios,simulator,iPhone 17 Pro,phone,iOS 27.0,"commits 025d1f1, c1f9a12, 07e1bb8; uncommitted changes",no,pass,install | open_pack | store | settings | rotation | other:import_result_dialog_play_now | other:localization_ko_en_de | other:first_pack_guide | other:import_failure_warning_long_title,
6cd35bca/20260927T233537Z,2026-09-27T23:35:37Z,android,emulator,AVD unipad-pixel,unknown,Android 15 (API 35),not recorded,unknown,pass,open_pack | other:pack deletion (confirm/cancel/failure alert/retry) and play-history cleanup | other:reinstall resets history,
6cd35bca/20260927T233537Z,2026-09-27T23:35:37Z,ios,simulator,iPhone 17 Pro,phone,iOS 27.0,not recorded,unknown,pass,open_pack | other:pack deletion (confirm/cancel/failure alert/retry) and play-history cleanup | other:reinstall resets history,
6cd35bca/20260927T233537Z,2026-09-27T23:35:37Z,web,browser-viewport,"Playwright Chromium (new profile), 1280x800",desktop,not recorded,779cfe3,yes,pass,open_pack | other:pack deletion (confirm/cancel/failure alert/retry) and play-history cleanup | other:reinstall resets history,
a29ce00c/20260927T235733Z,2026-09-27T23:57:33Z,android,emulator,AVD unipad-pixel,phone,Android 15 (API 35),commits 5538b0af,no,pass,install | open_pack | settings | other:2 working notes not reproduced,
c4c68977/20260928T004502Z,2026-09-28T00:45:02Z,web,browser-viewport,"Chromium headless (Playwright, --mute-audio)",desktop,not recorded,commits 2e4cc36,no,pass,open_pack | settings | other:3 working notes not reproduced,
c4c68977/20260928T004502Z,2026-09-28T00:45:02Z,web,browser-viewport,"Chromium headless (Playwright, --mute-audio)",phone,not recorded,commits 2e4cc36,no,pass,open_pack | settings | other:3 working notes not reproduced,
a6f60f14/20260928T015233Z,2026-09-28T01:52:33Z,web,browser-viewport,"Chromium (Playwright 1.63.0, isMobile phone emulation)",phone,not recorded,commits b6b857c; uncommitted changes,no,pass,other:1 working notes not reproduced,
a6f60f14/20260928T015233Z,2026-09-28T01:52:33Z,web,browser-viewport,"WebKit (Playwright 1.63.0, desktop style, no phone mode)",unknown,not recorded,commits b6b857c; uncommitted changes,no,pass,other:1 working notes not reproduced,
08ce5205/20260928T021431Z,2026-09-28T02:14:31Z,web,browser-viewport,"Chromium headless (Playwright 1.63, --mute-audio) + local next start",desktop,not recorded,commits f8f2bad; uncommitted changes,no,pass,open_pack | settings | other:close_label_translation_en_ko | other:narrow_viewport_clipping_and_touch_scroll | other:menu_escape_reentry,EV-WEB-08ce5205-0928
08ce5205/20260928T021431Z,2026-09-28T02:14:31Z,web,browser-viewport,"Chromium headless (Playwright 1.63, --mute-audio, touch on, scale 2) + local next start",phone,not recorded,commits f8f2bad; uncommitted changes,no,pass,open_pack | settings | other:close_label_translation_en_ko | other:narrow_viewport_clipping_and_touch_scroll | other:menu_escape_reentry,
c2d2e81e/20260928T025206Z,2026-09-28T02:52:06Z,ios,simulator,iPhone 17 Pro (3),phone,iOS 27.0,commits 03f39c3; uncommitted changes,no,pass,install | other:3 working notes not reproduced,
8cbb477d/20260928T040953Z,2026-09-28T04:09:53Z,ios,simulator,iPhone 17 Pro,phone,iOS 27.0,commits b1ab51c; uncommitted changes,no,pass,"install | open_pack | settings | rotation | other:home top bar settings button / recent packs panel; ko-en-de, largest text",
8cbb477d/20260928T040953Z,2026-09-28T04:09:53Z,ios,simulator,iPhone SE (3rd generation),phone,iOS 27.0,commits b1ab51c; uncommitted changes,no,partial,install | open_pack | settings | other:home top bar settings button / recent packs panel on small screen; ko-en-de,
aba6d17c/20260928T041550Z,2026-09-28T04:15:50Z,ios,simulator,iPhone 17 Pro,phone,iOS 27.0,commits 03f39c3; uncommitted changes,no,pass,install | open_pack | other:2 working notes not reproduced,
9e687edd/20260928T042248Z,2026-09-28T04:22:48Z,android,emulator,unipad-pixel,unknown,API 35(Android 15),not recorded; uncommitted changes,no,pass,install | settings | other:localized settings text ko/en/de | other:before(release 4.1.7)/after comparison,
9e687edd/20260928T042248Z,2026-09-28T04:22:48Z,ios,simulator,iPhone 17 Pro,phone,not recorded,not recorded,no,pass,settings | other:localized settings text ko/de/en | other:MIDI status text (not connected) | other:UI tests testEnglish/testGerman/testKorean passed,
d563fce9/20260928T043512Z,2026-09-28T04:35:12Z,ios,simulator,iPhone 17 Pro (3),phone,iOS 27.0,not recorded,unknown,pass,"install | store | open_pack | settings | other:store pack download (progress, Downloaded, installed persistence) | other:114MB pack download benchmark via local server | other:UniPackDownloader cancel",
139f0f12/20260928T045431Z,2026-09-28T04:54:31Z,android,emulator,unipad-pixel,unknown,Android 15 (API 35),ff2cc417 (= origin/main),no,pass,"install | open_pack | led_or_light | other:pad rapid press/hold, LED off/on, chain switch, leave/re-enter pack",
81d4c0c2/20260928T050633Z,2026-09-28T05:06:33Z,android,emulator,AVD unipad-pixel,phone,Android 15 (API 35),commits ff2cc417; uncommitted changes,no,pass,install | open_pack | rotation | led_or_light | other:system bars / camera cutout insets on play screen | other:pad press feedback | other:back/quit/re-enter/force-stop restart,EV-A35-81d4c0c2-0928
cfe7fdfb/20260928T051340Z,2026-09-28T05:13:40Z,android,emulator,unipad-pixel,unknown,Android 15 (API 35),commits 1f48cf3e; uncommitted changes,no,pass,install | settings | open_pack | other:play Trace Log tap-order numbers | other:localization ko/en/fr/de settings text,
cfe7fdfb/20260928T051340Z,2026-09-28T05:13:40Z,ios,simulator,iPhone 17 Pro,phone,iOS 27.0,commits 03f39c3; uncommitted changes,no,pass,settings | open_pack | other:play Trace Log tap-order numbers | other:localization ko/en/fr settings text | other:Release-config compile | other:unit tests (7) and UI tests (3),
869cfd63/20260928T054606Z,2026-09-28T05:46:06Z,web,browser-viewport,"Headless Chromium, 1280x900",desktop,not recorded,not recorded; uncommitted changes,no,pass,"open_pack | led_or_light | other:sample pack import via upload, pad press LED sampling at 5ms | other:test:unipack unit tests 16(15 pass, 1 todo)",
9f69d6ee/20260928T055237Z,2026-09-28T05:52:37Z,android,emulator,unipad-pixel,unknown,Android 15 / API 35,15606fe4,no,pass,"install | other:Crashlytics initialized (release configuration, cold restart) | other:APK inspect google_app_id",
9f69d6ee/20260928T055237Z,2026-09-28T05:52:37Z,ios,simulator,iPhone 17 Pro (2),phone,iOS 27.0,9465279,no,pass,install | other:Release binary inspection for Crashlytics (4.1.6 commit eb8353d and current) | other:Debug launch local-only x2 (main screen),
cfe7fdfb/20260928T061152Z,2026-09-28T06:11:52Z,android,emulator,unipad-pixel,unknown,Android 15 (API 35),commits 2f8e5ff3,no,pass,install | settings | open_pack | other:play Trace Log tap-order numbers | other:localization ko/en/de/fr settings text | other:setting persisted across app restart,
9f69d6ee/20260928T062443Z,2026-09-28T06:24:43Z,android,emulator,unipad-pixel,unknown,Android 15 / API 35,15606fe4,no,pass,install | other:Crashlytics initialized (reused from an earlier round),
9f69d6ee/20260928T062443Z,2026-09-28T06:24:43Z,ios,simulator,iPhone 17 Pro,phone,iOS 27.0,9465279,no,pass,other:Release binary inspection for Crashlytics (reused from round 1) | other:Debug launch local-only x2 (reused from round 1),
a11a6324/20260928T073152Z,2026-09-28T07:31:52Z,android,emulator,not recorded,unknown,Android 15,not recorded,unknown,unknown,install | open_pack | led_or_light | other:1 working notes not reproduced,
2fae0232/20260928T081635Z,2026-09-28T08:16:35Z,ios,simulator,iPhone 17 Pro,phone,iOS 27.0,commits d8408ef; uncommitted changes,no,pass,install | store | open_pack | other:concurrent same-name pack download race (before vs after build),
55ab6d89/20260928T081642Z,2026-09-28T08:16:42Z,ios,simulator,iPhone 17 Pro,phone,iOS 27.0,"commits f9529f4, f12d26e, f6aff9b, 24918a4, 2dc94c3",no,pass,install | open_pack | store | settings | rotation | other:import_result_dialog_play_now | other:localization_ko_en_de_es | other:first_pack_guide | other:import_failure_warning_long_title,
a11a6324/20260928T081655Z,2026-09-28T08:16:55Z,android,emulator,not recorded,unknown,Android 15 (API 35),commits 2f8e5ff3; uncommitted changes,no,pass,install | open_pack | led_or_light | other:3 working notes not reproduced,
a11a6324/20260928T081655Z,2026-09-28T08:16:55Z,web,browser-viewport,Chromium headless (Playwright),desktop,not recorded,not recorded; uncommitted changes,no,fail,open_pack | led_or_light | external_midi | other:3 working notes not reproduced,EV-WEB-a11a6324-0928-fail
9f69d6ee/20260928T084841Z,2026-09-28T08:48:41Z,android,emulator,unipad-pixel,unknown,Android 15 / API 35,commits 15606fe4; uncommitted changes,no,pass,install | other:non-fatal test event sent (HTTP 200 accepted) | other:second trigger ALREADY_SENT,
9f69d6ee/20260928T084841Z,2026-09-28T08:48:41Z,ios,simulator,iPhone 17 Pro,phone,iOS 27.0,not recorded; uncommitted changes,no,pass,install | other:non-fatal test event sent (Crashlytics upload HTTP 200) | other:second run already_sent,
19c24408/20260928T090733Z,2026-09-28T09:07:33Z,android,emulator,not recorded,unknown,API 35,commits ff2cc417,no,pass,"install | store | other:notification permission prompt at first download (deny, second download no prompt) | open_pack",
19c24408/20260928T090733Z,2026-09-28T09:07:33Z,ios,simulator,iPhone 17 Pro,phone,iOS 27.0,commits 9705e86,no,pass,"install | store | other:notification permission prompt at first download (deny, second download no prompt) | open_pack",
0f9b87b2/20260928T092704Z,2026-09-28T09:27:04Z,ios,simulator,iPhone 17 Pro,phone,iOS 27.0,not recorded,unknown,pass,open_pack | led_or_light | other:strobe_repeat_led_release | other:unit_tests_LedRunnerTests(7),EV-I27-0f9b87b2-0928
a11a6324/20260928T100944Z,2026-09-28T10:09:44Z,web,browser-viewport,Chromium headless (Playwright),desktop,not recorded,not recorded; uncommitted changes,no,pass,open_pack | led_or_light | external_midi | other:3 working notes not reproduced,
fe48d7d2/20260928T101537Z,2026-09-28T10:15:37Z,android,emulator,unipad-pixel,unknown,Android 15 (API 35),not recorded,unknown,pass,install | open_pack | settings | other:Storage tab and Transfer UniPacks screen | other:Transfer search field (type/filter/clear) | other:back navigation,
cab8b2ef/20260928T102219Z,2026-09-28T10:22:19Z,android,unknown,not recorded,unknown,not recorded,not recorded,unknown,unknown,"settings | other:external link open without browser/mail app (toast, screen stays) | other:theme Add Theme guide link | other:gradle compile/unit tests (interrupted)",
3235e261/20260928T102831Z,2026-09-28T10:28:31Z,android,emulator,AVD unipad-pixel,unknown,API 35,commits 64a126e4,no,pass,install | open_pack | store | other:pack-import(file picker) + import-result dialog | other:store download cancel/re-enter | other:overlapping same-name pack preservation,
3235e261/20260928T102831Z,2026-09-28T10:28:31Z,ios,simulator,iPhone 17 Pro,phone,iOS 27.0,commits 39bcbe7,no,pass,install | open_pack | store | other:pack-import(file) + import-result dialog | other:same-pack second import,
70360b54/20260928T104633Z,2026-09-28T10:46:33Z,ios,simulator,iPhone 17 Pro,phone,iOS 27.0,commits 24918a4,no,pass,install | open_pack | settings | rotation | other:home screen recent packs / localization ko-en-de | other:FirstPackGuideTests import zip then play,
de5897e8/20260928T105235Z,2026-09-28T10:52:35Z,web,browser-viewport,Chromium headless (Playwright),desktop,not recorded,3a674bc,unknown,pass,open_pack | rotation | other:play screen control-panel layout (before/after) | other:pad input (5 pads) | other:menu open/close/quit | other:window resize and restore | other:localization en/ko,
de5897e8/20260928T105235Z,2026-09-28T10:52:35Z,web,browser-viewport,Chromium headless (Playwright),phone,not recorded,3a674bc,unknown,pass,open_pack | rotation | other:play screen control-panel layout (before/after) | other:pad input (5 pads) | other:menu open/close/quit | other:window resize and restore | other:localization en/ko,
a11a6324/20260928T110440Z,2026-09-28T11:04:40Z,android,emulator,not recorded,unknown,Android 15,commits 2f8e5ff3; uncommitted changes,no,pass,install | open_pack | led_or_light | other:2 working notes not reproduced,EV-A35-a11a6324-0928
a11a6324/20260928T110440Z,2026-09-28T11:04:40Z,web,browser-viewport,Chromium headless (Playwright),desktop,not recorded,commits 3a674bc; uncommitted changes,no,pass,open_pack | led_or_light | external_midi | other:3 working notes not reproduced,EV-WEB-a11a6324-0928
3829863e/20260928T114631Z,2026-09-28T11:46:31Z,ios,simulator,iPhone 16e,phone,iOS 27.0,commits 24918a4; uncommitted changes,no,pass,"install | open_pack | rotation | settings | other:theme (UniPad S Skin / midifighter) applied play-screen layout, both landscape directions | other:safe-area placement of menu/logo",EV-I27-3829863e-0928
3829863e/20260928T114631Z,2026-09-28T11:46:31Z,ios,simulator,iPhone 17 Pro,phone,iOS 27.0,commits 24918a4; uncommitted changes,no,pass,"install | open_pack | rotation | settings | other:theme layout, both landscape directions",EV-I27-3829863e-0928
cab8b2ef/20260929T003004Z,2026-09-29T00:30:04Z,android,emulator,unipad-pixel,unknown,Android 15 / API 35,not recorded; uncommitted changes,unknown,pass,"settings | other:external link open without browser/mail app (toast, screen stays) | other:theme Add Theme guide link | other:SettingsTest instrumented (reused round1 result)",
cab8b2ef/20260929T003319Z,2026-09-29T00:33:19Z,android,emulator,unipad-pixel,unknown,Android 15 / API 35,not recorded; uncommitted changes,unknown,pass,"settings | other:external link open without browser/mail app (toast, screen stays) | other:theme Add Theme guide link | other:SettingsTest instrumented (reused round1 result)",
cab8b2ef/20260929T005647Z,2026-09-29T00:56:47Z,android,emulator,unipad-pixel,unknown,Android 15 / API 35,not recorded; uncommitted changes,unknown,pass,"settings | other:external link open without browser/mail app (toast, screen stays) | other:theme Add Theme guide link | other:SettingsTest instrumented (reused round1 result)",
38e4315d/20260929T011836Z,2026-09-29T01:18:36Z,ios,simulator,iPhone 17 Pro,phone,iOS 27,commits c2cabaf; uncommitted changes,no,pass,install | settings | rotation | other:settings back-button navigation (XCUITest tap coordinate),
38e4315d/20260929T011836Z,2026-09-29T01:18:36Z,ios,simulator,iPhone SE (3rd generation),phone,iOS 27,commits c2cabaf; uncommitted changes,no,pass,install | open_pack | settings | rotation | other:settings back-button navigation (XCUITest tap coordinate) | other:localization ko/en/de/es settings | other:first-pack guide,
2318f1af/20260929T021332Z,2026-09-29T02:13:32Z,ios,simulator,iPhone 17 Pro,phone,not recorded,not recorded,unknown,pass,"install | open_pack | other:home pack search (title/producer/Korean/no results/clear), play-count and Last Played update",
e84fefb5/20260929T024647Z,2026-09-29T02:46:47Z,android,emulator,unipad-pixel,unknown,Android 15,commits 0e9e1929; uncommitted changes,no,pass,"install | open_pack | settings | other:stored-pack list search (title/producer, case, spaces, clear, no-results, sort, select/deselect) | other:Transfer screen search regression | other:release (R8) b",
576b9fa8/20260929T030126Z,2026-09-29T03:01:26Z,android,emulator,AVD unipad-pixel (sdk_gphone64_arm64),unknown,Android 15 / API 35,commits f3d4fa1a,no,pass,install | other:launch_smoke_splash_to_main,
8cc05b23/20260929T034642Z,2026-09-29T03:46:42Z,android,emulator,unipad-pixel,phone,Android 15(API 35),commits b8b52745; uncommitted changes,no,partial,"install | settings | other:cold start to main screen (splash, notification permission, main)",
76e60775/20260929T035833Z,2026-09-29T03:58:33Z,ios,simulator,iPhone 17 Pro,phone,iOS 27,43d051a,no,pass,open_pack | settings | other:pack panel play count refresh after returning from play | other:search filter survives play | rotation,
09d3c17e/20260929T042832Z,2026-09-29T04:28:32Z,ios,simulator,iPhone 16e,phone,iOS 27.0,commits eb312ce; uncommitted changes,no,pass,open_pack | rotation | settings | other:theme_background_transition_loading_to_play | other:settings_back_navigation_tests,
09d3c17e/20260929T042832Z,2026-09-29T04:28:32Z,ios,simulator,iPhone 17 Pro,phone,iOS 27.0,commits eb312ce; uncommitted changes,no,pass,open_pack | rotation | settings | other:theme_background_transition_loading_to_play | other:settings_back_navigation_tests,
6e882a27/20260929T052832Z,2026-09-29T05:28:32Z,ios,simulator,iPhone 17 Pro,phone,not recorded,commits 2e00dec; uncommitted changes,no,pass,"install | other:app launch to home screen | other:LED velocity range unit tests (LedVelocityRangeTests, LedRunnerTests) and Release compile",
ca9f5907/20260929T081732Z,2026-09-29T08:17:32Z,ios,simulator,iPhone 17 Pro,phone,iOS 27.0,commits eb312ce; uncommitted changes,no,pass,"open_pack | settings | store | other:file-picker cancel (UI test, ko/es/de x6 iterations) | other:localization ko/es/de | other:play screen pad layout",EV-I27-ca9f5907-0929
ca9f5907/20260929T081732Z,2026-09-29T08:17:32Z,ios,simulator,iPhone SE (3rd generation),phone,iOS 27.0,commits eb312ce; uncommitted changes,no,pass,"open_pack | settings | store | other:file-picker cancel (UI test, ko/es/de x6 iterations) | other:localization ko/es/de | other:play screen pad layout",EV-I27-ca9f5907-0929
4892a04a/20260930T021132Z,2026-09-30T02:11:32Z,android,emulator,not recorded,unknown,API 35,HEAD `fceca141`,no,pass,install | open_pack | other:pack opens without crash when autoPlay / keyLED file is missing | other:existing pack (Faded) open + play screen entry,
981ef161/20260930T033532Z,2026-09-30T03:35:32Z,android,emulator,unipad-pixel,unknown,Android 15 / API 35,HEAD d81ae3ba,no,pass,install | open_pack | led_or_light | other:pad tap / chain switch | other:home leave/return | other:logcat error scan (0 hits),
5f619b12/20260930T054132Z,2026-09-30T05:41:32Z,ios,simulator,iPhone 17 Pro,phone,iOS 26 series,commits 6244e49; uncommitted changes,no,pass,open_pack | other:pack_loading_overlay | other:unreadable_pack_error_screen | other:pack_read_off_main_thread_log,
f4ca9470/20260930T055934Z,2026-09-30T05:59:34Z,web,browser-viewport,Headless Chrome (Playwright),desktop,not recorded,"commits 8019666e9eb3, 5f84d815a4fa; uncommitted changes",no,pass,open_pack | led_or_light | other:no font requests on normal pages | other:play page font preload | other:shared CSS cache on home-to-play navigation (throttled networks) | other:pad click and autoplay,
f4ca9470/20260930T055934Z,2026-09-30T05:59:34Z,web,browser-viewport,Headless Chrome (Playwright),phone,not recorded,"commits 8019666e9eb3, 5f84d815a4fa; uncommitted changes",no,pass,open_pack | led_or_light | other:no font requests on normal pages | other:play page font preload | other:shared CSS cache on home-to-play navigation (throttled networks) | other:pad click and autoplay,
5f619b12/20260930T084745Z,2026-09-30T08:47:45Z,ios,simulator,iPhone 17 Pro,phone,newest installed iOS runtime (version not named in the record),"6244e49 + uncommitted changes (9 files, 2 new tests)",no,pass,open_pack | other:rapid pack re-selection | other:unreadable-pack error screen | other:re-open after an error,
