evidence_id,record_id,source_sha256,source_lines,os_family,os_version,device_category,browser,run_verdict,captures,features_passed,features_partial,features_failed,pack_entry,install_method,basis_note
EV-A35-efbd9d5c-0923,device-log:efbd9d5c/20260923T225837Z,bc899e4f5c7817a75034ea2b4e8572d16ecaacbd357b231e99fc06151e0ce851,L1;L2;L17;L29;L37;L39;L44,android,35,unknown,none,fail,17,none,none,none,placed,sideload,"Failed for the unreadable play-menu text (a product fault, L29, L44). Screen size is given in pixels only (L37); device class not stated."
EV-AND-efbd9d5c-0924,device-log:efbd9d5c/20260924T014337Z,6ab26502f1f007e54a1d68ed5c176cb7a9340e950fa4f8534a60c7a5540dab58,L1;L2;L20;L34;L44,android,,unknown,none,fail,16,none,none,none,placed,sideload,"Failed for the same menu text (L34, L44). The record names no Android version and no device."
EV-AND-ceb82bd6-0924,device-log:ceb82bd6/20260924T112337Z,e8dddc63c0e540d9ce4315a267f96d76a25ec3439a524126f7d939f11c9b8ac8,L1;L2;L24;L29;L39,android,,unknown,none,pass,15,led,open_pack;sound,none,placed,none,"No Android version and no device named. The test pack was put on the device by the tester (L39), so pack opening is partial."
EV-A35-9f4173ac-0925,device-log:9f4173ac/20260925T053540Z,d3a1bd7b40e849e57a9c96d4ca94dd9e61604d71b886bd4d6db21d8d485e407c,L1;L2;L16;L21;L63,android,35,unknown,none,pass,36,install;led,open_pack;sound,none,placed,sideload,"Android 15 (API 35), device fingerprint only (L16): class not stated. Faded was unpacked into the app folder by the tester (L21)."
EV-A35-5a6e45ad-0925,device-log:5a6e45ad/20260925T134038Z,cc357cf1b5fda6bfdda2e4dc207b20f6509e6280d77bdb2c2099f1caee517605,L1;L2;L9;L45;L52;L123;L126,android,35,unknown,none,pass,0,none,rotation,none,not_applicable,sideload,Headline failed only because no screenshot was saved (L126); the record's own verdict is device_verified (L123) and the fix worked (L9). Screen size in pixels only (L45).
EV-A35-9f4173ac-0926,device-log:9f4173ac/20260926T044324Z,3c992867ac13a81c00d6bfdf0c592462689516bc21082456ff86702de65d4802,L1;L2;L18;L23;L24,android,35,unknown,none,pass,51,install;led,open_pack,none,placed,sideload,"Android 15 (API 35), device fingerprint only (L18). The Faded pack was already on the device (L24)."
EV-A35-8f66f8fb-0926,device-log:8f66f8fb/20260926T054938Z,0e71b96779ae874bc70e5e4f5d8d0d3455852aaefcc9fbd97e26506c947fbf2c,L1;L2;L12;L14;L17;L24;L111,android,35,unknown,none,fail,42,none,none,none,placed,sideload,"Failed because the stall and one ANR were still seen with the fix (L12, L14). Device fingerprint and density only (L17)."
EV-A35-81d4c0c2-0928,device-log:81d4c0c2/20260928T050633Z,ff9f6ad3d26e9a2a6bfe71697004d8e490b2c3ea6120a6608a0e3b1c1c14043b,L1;L2;L9;L15;L18;L24,android,35,phone,none,pass,32,led;rotation,open_pack,none,placed,sideload,"Android 15 (API 35) at 1080x2400, 420 dpi, smallest width 411 dp (L15): under 600 dp, so phone class. Faded was already on the device (L18)."
EV-A35-a11a6324-0928,device-log:a11a6324/20260928T110440Z,2bc8c74ba53ed6cc63c77f7e29c8c491fce68d0415330d6917dbe46a6fd77760,L1;L2;L30;L31;L32,android,35,unknown,none,pass,24,install;led,open_pack,none,placed,sideload,"Android 15 at 1080x2400 (L30): class not stated. Packs were put on with adb push (L32). The 24 screenshots are for the whole record, Android and web parts together."
EV-I17-9532e26d-0925-blocked,device-log:9532e26d/20260925T063038Z,d0bb75bc0d4692daafd077bc52efd876be2c0d2b214ab0a772d635949e443f6d,L1;L2;L13;L16;L46,ios,,unknown,none,blocked,0,none,none,none,not_applicable,none,"Nothing was run: no iOS 17 simulator runtime was installed (L13, L16, L46)."
EV-I264-607bd6bf-0925,device-log:607bd6bf/20260925T061937Z,2d5d9e0501e3e95cab0351b58d910f07f67747b40a8eaee278c68d689facbf05,L1;L2;L22;L72;L87;L88,ios,26.4,phone,none,pass,6,install;open_pack,none,none,app,sideload,"iPhone 17 Pro simulator, iOS 26.4 (L22). A second pack was imported through open-in (L87, L88)."
EV-I263-9532e26d-0925,device-log:9532e26d/20260925T100038Z,9987f821b2d5673c7a006957c21c58c6f9c51070ec3513204ebeb5a7b083421e,L1;L2;L13;L20;L41;L54,ios,26.3.1,phone,none,pass,9,install;open_pack,none,none,app,sideload,"iPhone 17 Pro simulator, iOS 26.3.1 (L13). Faded was imported through open-in (L20, L54)."
EV-I27-347a6e7b-0927,device-log:347a6e7b/20260927T065145Z,039e9254123064a79855743e199f4dd560e990eb974e6be46bb0e9e3acf10c70,L1;L2;L15;L31;L53;L54;L87,ios,27.0,phone,none,pass,33,install;open_pack;rotation,none,none,app,sideload,"iPhone 17 Pro simulator, iOS 27.0 (L15). Faded.zip imported through the file picker (L53, L54). Rotation checks passed (L87)."
EV-I27-0f9b87b2-0928,device-log:0f9b87b2/20260928T092704Z,081daf8ae7496601350b3062a5468dc1af411e1c587025fa5d652f9242d14add,L1;L2;L12;L13;L19,ios,27.0,phone,none,pass,10,led,none,none,placed,sideload,"iPhone 17 Pro simulator, iOS 27.0 (L12). Test packs were put on the simulator by the tester (L13)."
EV-I27-3829863e-0928,device-log:3829863e/20260928T114631Z,cef3f51e9efa7d4bf0e5a7626059391bc586802641dd79fa01137ecb763ed95c,L1;L2;L8;L12;L13;L18;L35;L36;L57,ios,27.0,phone,none,pass,74,rotation,open_pack,none,unstated,sideload,"iPhone 16e and iPhone 17 Pro simulators, iOS 27.0 (L12, L13). Menu button and logo are inside the safe area (L35, L36); the bottom of the pad grid (about 11 pt) overlaps the home-indicator area and was left as a product decision (L57). How the pack got in is not stated (L12)."
EV-I27-ca9f5907-0929,device-log:ca9f5907/20260929T081732Z,303ff2d8f55a6c84e6b25f469586df54b5c8e45344390da4e0a5d564eccd2c56,L1;L2;L10;L15;L16;L22,ios,27.0,phone,none,pass,256,none,open_pack,none,placed,sideload,"iPhone 17 Pro and iPhone SE simulators, iOS 27.0 (L15). Pack selection through the play screen was seen (L10); the pack was already in the app (L16) and the picker was only cancelled."
EV-WEB-60999e7a-0926,device-log:60999e7a/20260926T193541Z,7b4945d07ff5bf9ca0e95f3a640dc0469fa037f2a7e2a31dd1f4ccd48213aae3,L1;L2;L14;L18;L30,unknown,,phone,webkit_playwright,partial,54,none,none,none,not_applicable,none,"WebKit at a mocked 390x844 touch window and Chromium at 1440x900 (L14, L18); 112 checks passed and 6 App Store link taps did not open a tab (L30). No pack was opened."
EV-WEB-08ce5205-0928,device-log:08ce5205/20260928T021431Z,44dcc035ba3d60a6808a06117cf93a1a11bade94563459faea542ad1d719cb4f,L1;L2;L11;L12;L13;L14,macos,,desktop,chromium_headless,pass,80,open_pack,none,none,app,none,"Headless Chromium on this Mac at 1280x800 with a mouse (L13, L14); the pack was loaded through the page (L11, L12)."
EV-WEB-a11a6324-0928-fail,device-log:a11a6324/20260928T081655Z,76e4a1f272289f1524f9e9aa681cea9e2086a6e85b3b10d66c83fb43f8125017,L1;L2;L10;L11;L24;L120,unknown,,desktop,chromium_headless,fail,43,none,none,external_connect,unstated,none,"Headless Chromium 1600x900 with a fake MIDI output; Quit sent no light-off bytes (L10, L11, L120)."
EV-WEB-a11a6324-0928,device-log:a11a6324/20260928T110440Z,2bc8c74ba53ed6cc63c77f7e29c8c491fce68d0415330d6917dbe46a6fd77760,L1;L2;L16;L28,unknown,,desktop,chromium_headless,pass,24,led,open_pack;external_connect,none,unstated,none,"Headless Chromium 1600x900 with a fake MIDI output (L16). How the packs were loaded is not stated. The 24 screenshots are for the whole record, Android and web parts together."
EV-WEB-20260930-desktop-1280x800,evidence/web-2026-09-30/results.json#desktop-1280x800,44c737e224b6c1054c6792e9561e6ee6d4b67af2a643657254fb24d0bd251fd4,browser;host.platform;results[desktop-1280x800].checks,macos,,desktop,chromium_headless,pass,2,open_pack;sound;led,none,none,app,none,"Chromium 153.0.8010.12 headless (--mute-audio) on darwin; profile kind desktop (mouse, 1280x800)."
EV-WEB-20260930-tablet-1024x768,evidence/web-2026-09-30/results.json#tablet-1024x768,44c737e224b6c1054c6792e9561e6ee6d4b67af2a643657254fb24d0bd251fd4,browser;host.platform;results[tablet-1024x768].checks,macos,,tablet,chromium_headless,pass,3,open_pack;sound;led;rotation,none,none,app,none,Chromium 153.0.8010.12 headless (--mute-audio) on darwin; profile kind tablet-width (mocked window size).
EV-WEB-20260930-tablet-834x1194,evidence/web-2026-09-30/results.json#tablet-834x1194,44c737e224b6c1054c6792e9561e6ee6d4b67af2a643657254fb24d0bd251fd4,browser;host.platform;results[tablet-834x1194].checks,macos,,tablet,chromium_headless,pass,3,open_pack;sound;led;rotation,none,none,app,none,Chromium 153.0.8010.12 headless (--mute-audio) on darwin; profile kind tablet-width (mocked window size).
EV-WEB-20260930-phone-390x844,evidence/web-2026-09-30/results.json#phone-390x844,44c737e224b6c1054c6792e9561e6ee6d4b67af2a643657254fb24d0bd251fd4,browser;host.platform;results[phone-390x844].checks,macos,,phone,chromium_headless,pass,3,open_pack;sound;led;rotation,none,none,app,none,Chromium 153.0.8010.12 headless (--mute-audio) on darwin; profile kind phone-width (mocked window size).
