evidence_id,kind,result,run_target,form_factor,os_family,os_version,browser,install_method,features_passed,features_partial,features_failed,source_commit,tree_state,in_release_commit,in_sold_app,recorded_utc,device,command,captures,scope,record_id
SRC-AND-GRADLE,source_read,read_only,none,none,android,,none,none,none,none,none,"unipad-android 20207d89 (latest main), 7d740029 (final 4.1.8 release commit), 1ac36672 (4.1.3)",clean,yes,yes,2026-09-30T10:40:00Z,none (file read),git show <commit>:app/build.gradle | grep -E 'minSdkVersion|targetSdkVersion|versionCode|versionName',none,"minSdk 24 / targetSdk 37 at 7d740029 and at 20207d89 (4.1.8, 115); minSdk 23 / targetSdk 36 at 1ac36672 (4.1.3, 109). Read, not run.",unipad-android:app/build.gradle
SRC-AND-MANIFEST,source_read,read_only,none,none,android,,none,none,none,none,none,"unipad-android 20207d89 (latest main), 7d740029 (final 4.1.8 release commit)",clean,yes,yes,2026-09-30T10:40:00Z,none (file read),git show <commit>:app/src/main/AndroidManifest.xml | grep -E 'screenOrientation|uses-feature|supports-screens',none,"Same at both commits: 8 of 12 activities (the play screen included) are sensorLandscape, the USB handler, import-by-URL and two licence screens set no orientation; OpenGL ES 2.0 required; usb.host optional; no supports-screens element. Read, not run.",unipad-android:app/src/main/AndroidManifest.xml
SRC-IOS-PBX,source_read,read_only,none,none,ios,,none,none,none,none,none,"unipad-ios 1ef848d (latest main), fe2e99c (final 4.1.6 release commit)",clean,yes,yes,2026-09-30T10:40:00Z,none (file read),git show <commit>:unipad.xcodeproj/project.pbxproj | grep -E 'IPHONEOS_DEPLOYMENT_TARGET|TARGETED_DEVICE_FAMILY|SUPPORTED_PLATFORMS|MACOSX_DEPLOYMENT_TARGET|XROS_DEPLOYMENT_TARGET|UISupportedInterfaceOrientations|UIRequiresFullScreen',none,"Same at both commits: IPHONEOS_DEPLOYMENT_TARGET 17.0 (lowered from 26.2 in 0933159, 2026-09-15); TARGETED_DEVICE_FAMILY 1,2,7; SUPPORTED_PLATFORMS lists macosx and xros with deployment targets 26.2; landscape left and right only on iPhone and iPad; UIRequiresFullScreen YES. Read, not run.",unipad-ios:unipad.xcodeproj/project.pbxproj
SRC-WEB-CODE,source_read,read_only,none,none,any,,none,none,none,none,none,"unipad.io 8019666 (prod, the deployed site source), 1f13a4a (latest main)",clean,yes,yes,2026-09-30T10:40:00Z,none (file read),git grep -n 'requestMIDIAccess\|AudioContext\|orientation' <commit> -- src/lib/unipack src/components/play ; sed -n '77p;132p;144p;195p' src/i18n/messages/en.json,none,"Same lines at both commits: src/lib/unipack/MidiConnection.ts:119-125 calls navigator.requestMIDIAccess({sysex:true}) and has no fallback; src/components/play/PlayPage.tsx:621-627 asks for a landscape orientation lock and ignores errors; PlayPage.tsx:1638 is the rotate hint; src/i18n/messages/en.json:77,132,195 promise Web MIDI in the browser and name no browsers, :144 says the web version needs no install. Read, not run.","unipad.io:src/lib/unipack/MidiConnection.ts, src/components/play/PlayPage.tsx, src/i18n/messages/en.json"
STORE-20260930,store_snapshot,read_only,none,none,any,,none,none,none,none,none,not applicable,not_applicable,not_applicable,not_applicable,2026-09-30T04:53:15Z,none (store listing state),"store listing APIs, read once and saved (not queried again for this document)",none,"Google Play production: 4.1.3 (109) fully rolled out and 4.1.8 (115) in a staged rollout that had not reached everyone. App Store: 4.1.6 ready for sale; uploaded builds 5, 6 and 7, of which 7 is the one on sale.",store-snapshot:2026-09-30T04:53:15Z
FACTS-MDN-BCD,feature_facts,read_only,none,none,any,,none,none,none,none,none,not applicable,not_applicable,not_applicable,not_applicable,2026-09-30T08:41:00Z,none (published browser data),see sources/raw/mdn_bcd_web_api_support.json,none,"@mdn/browser-compat-data 8.1.3: requestMIDIAccess added in Chrome 43, Edge 79, Firefox 108, Samsung Internet 4.0; false for Safari, Safari on iOS and Firefox for Android; ScreenOrientation.lock false for Safari. Published data, not a run.",npm:@mdn/browser-compat-data@8.1.3 (the raw excerpt is not kept here; its hash is in sources/series.jsonl)
EV-A35-efbd9d5c-0923,device_run,fail,emulator,unknown,android,35,none,sideload,none,none,none,unipad-android HEAD (hash not named); one uncommitted test file in the tree,dirty,unknown,no,2026-09-23T22:58:37Z,"Android emulator, AVD unipad-pixel (1080x2400 phone profile)",test package installed next to the released build ; 20 play loops ; monkey 5000 and 8000 events ; audio start/stop race test x3,"17 screenshots (the count in the record's header), kept in the maintainers' device-check log, outside this repository","Crash-hunting session on one Android 15 (API 35) emulator: 20 play loops (open a pack, autoplay, leave, return), MIDI screen toggling, 13,000 random inputs and 3 audio race tests ended without a crash. Marked failed because the play-screen menu text was unreadable on the default skin in build 114. None of the six features failed. The menu text was fixed on main by unipad-android#102 to #104 (2026-09-28), after the 4.1.8 release commit. Device class not stated (screen size in pixels only).",device-log:efbd9d5c/20260923T225837Z
EV-AND-efbd9d5c-0924,device_run,fail,emulator,unknown,android,,none,sideload,none,none,none,unipad-android HEAD (hash not named); one uncommitted test file in the tree,dirty,unknown,no,2026-09-24T01:43:37Z,Android emulator (model and Android version not named in the record),test package ; 20 play loops and 40 rapid re-entries ; audio start/stop race test x3,"16 screenshots (the count in the record's header), kept in the maintainers' device-check log, outside this repository",Follow-up of the session above on an emulator the record does not describe: 20 play loops and 40 rapid re-entries without a crash. Marked failed for the same unreadable play-menu text. None of the six features failed.,device-log:efbd9d5c/20260924T014337Z
EV-AND-ceb82bd6-0924,device_run,pass,emulator,unknown,android,,none,none,led,open_pack;sound,none,not recorded,unknown,unknown,unknown,2026-09-24T11:23:37Z,Android emulator (model and Android version not named in the record),not recorded in the record,"15 screenshots (the count in the record's header), kept in the maintainers' device-check log, outside this repository","An Android emulator whose model, Android version and source commit the record does not name: packs opened and re-opened, pressed pads lit, and the audio output stream (AAudio) was in the started state during play and gone after leaving. The emulator ran muted (-no-audio); no pad sound start was observed. Because no Android version is recorded, this cannot verify any versioned row. The test pack was put on the device by the tester, not imported through the app, so opening it counts as partial.",device-log:ceb82bd6/20260924T112337Z
EV-A35-9f4173ac-0925,device_run,pass,emulator,unknown,android,35,none,sideload,install;led,open_pack;sound,none,unipad-android 94f4e690,clean,yes,yes,2026-09-25T05:35:40Z,"Android emulator, AVD unipad-pixel (1080x2400 phone profile)",git archive 94f4e690 ; ./gradlew :app:assembleDebug :app:assembleRelease ; adb install -r app-release.apk ; adb shell am start -W,"36 screenshots (the count in the record's header), kept in the maintainers' device-check log, outside this repository","Release APK built from 94f4e690 and put on one Android 15 (API 35) emulator with adb: first launch, the Faded pack, unpacked into the app's folder with a tool and not imported through the app, opened (8x8 pads), pads tapped with on-screen lights, cold restart. Sound: 284 sound files loaded and the audio output stream was in the started state; the emulator was muted and no pad sound start was observed. Not an install from Google Play, not a physical phone. The record does not say whether the emulator is a phone or a tablet (its device fingerprint and, at most, a pixel size are all it gives).",device-log:9f4173ac/20260925T053540Z
EV-A35-5a6e45ad-0925,device_run,pass,emulator,unknown,android,35,none,sideload,none,rotation,none,unipad-android e7e98489 + uncommitted TransferActivity.kt and a new test,dirty,yes,no,2026-09-25T13:40:38Z,"Android emulator, AVD unipad-pixel (1080x2400 phone profile)",./gradlew assembleDebug assembleDebugAndroidTest ; am instrument -w -e class com.kimjisub.launchpad.TransferConfigurationLifecycleTest ; adb emu rotate,"no screenshots were saved (the record's header says 0); the record itself is kept in the maintainers' device-check log, outside this repository","File-transfer screen only, on one Android 15 (API 35) emulator: search, selection, rotation, recreation after a density change, process restore; the instrumented test passed 5 times. The play screen was not part of this record. The record's headline says failed only because no screenshot was saved; its own verdict is that the fix worked and nothing in the product failed. With no screenshot it carries no verified run. Device class not stated (pixel size only).",device-log:5a6e45ad/20260925T134038Z
EV-A35-9f4173ac-0926,device_run,pass,emulator,unknown,android,35,none,sideload,install;led,open_pack,none,unipad-android 8fac57e9,clean,yes,yes,2026-09-26T04:43:24Z,"Android emulator, AVD unipad-pixel (1080x2400 phone profile)",git archive 8fac57e9 ; ./gradlew --no-daemon :app:assembleRelease :app:assembleDebug :app:assembleDebugAndroidTest :app:testDebugUnitTest ; adb install -r app-release.apk,"51 screenshots (the count in the record's header), kept in the maintainers' device-check log, outside this repository","Release APK built from 8fac57e9 (the 4.1.8 candidate) installed with adb over the previous build on the same Android 15 (API 35) emulator: packs and play counts kept, the Faded pack already on the device opened (not imported through the app), 8 pads tapped while recording with on-screen lights, file-transfer search and selection, process restore. Sound was not listened to. Not an install from Google Play. The record does not say whether the emulator is a phone or a tablet (its device fingerprint and, at most, a pixel size are all it gives).",device-log:9f4173ac/20260926T044324Z
EV-A35-8f66f8fb-0926,device_run,fail,emulator,unknown,android,35,none,sideload,none,none,none,unipad-android 8fac57e9 + uncommitted LedRunner.kt (before/after builds compared),dirty,yes,no,2026-09-26T05:49:38Z,"Android emulator, AVD unipad-pixel (1080x2400 phone profile)",./gradlew --no-daemon :app:assembleDebug (before and after copies) ; adb root ; setprop dalvik.vm.lockprof.threshold 5 ; scripted press/release timing,"42 screenshots (the count in the record's header), kept in the maintainers' device-check log, outside this repository","Timing check of an LED-lock fix on one Android 15 (API 35) emulator with a deliberately extreme LED test pack: releasing a pad no longer waited on the lock, but the next pad press still waited 0.6 to 5.3 s and one ANR was recorded, so the record is marked failed. Ordinary LED playback, leaving and returning looked the same as before. None of the six features failed as defined; the stall was addressed on main by unipad-android#96, after the 4.1.8 release commit. Device class not stated.",device-log:8f66f8fb/20260926T054938Z
EV-A35-81d4c0c2-0928,device_run,pass,emulator,phone,android,35,none,sideload,led;rotation,open_pack,none,unipad-android ff2cc417 + uncommitted PlayActivity.kt and PlayActivityTest.kt,dirty,no,no,2026-09-28T05:06:33Z,"Android emulator, AVD unipad-pixel (1080x2400 phone profile), gesture navigation, display cutout, auto-rotate on",./gradlew :app:installDebug ; uiautomator dump ; adb emu sensor set acceleration,"32 screenshots (the count in the record's header), kept in the maintainers' device-check log, outside this repository","Debug build of ff2cc417 plus an uncommitted fix on one Android 15 (API 35) emulator: play screen in both landscape directions, rotated while playing, pads pressed with lights, leave and re-enter, restart; pads, chain buttons and menu stayed clear of the navigation handle and the cutout. The same record shows the released 4.1.7 on this emulator putting the last pad row under the navigation handle. The Faded pack was already on the device, not imported through the app. The emulator's smallest width is 411 dp, which is phone size.",device-log:81d4c0c2/20260928T050633Z
EV-A35-a11a6324-0928,device_run,pass,emulator,unknown,android,35,none,sideload,install;led,open_pack,none,unipad-android 2f8e5ff3 + 16 uncommitted items,dirty,no,no,2026-09-28T11:04:40Z,"Android emulator emulator-5554, Android 15 (API 35), 1080x2400 landscape",./gradlew :app:installDebug ; pm clear ; adb push <packs>,"24 screenshots for the whole record, Android and web parts together (the count in the record's header), kept in the maintainers' device-check log, outside this repository","Debug build on one Android 15 emulator: Faded and a logo test pack (put on with adb push, not imported through the app) opened, pad tapped with on-screen lights, lights off after the animation, leave and return; no crash or ANR in logcat. No USB MIDI device, so nothing was sent to a Launchpad. Device class not stated (pixel size only).",device-log:a11a6324/20260928T110440Z
EV-I17-9532e26d-0925-blocked,device_run,blocked,unknown,unknown,ios,,none,none,none,none,none,unipad-ios 9e21bf8,clean,yes,yes,2026-09-25T06:30:38Z,none (no simulator could be started),xcrun simctl list runtimes ; xcrun simctl runtime list ; grep IPHONEOS_DEPLOYMENT_TARGET,"no screenshots were saved (the record's header says 0); the record itself is kept in the maintainers' device-check log, outside this repository","No run: the installed Xcode offers no iOS 17 simulator runtime, so the declared floor of 17.0 could not be exercised.",device-log:9532e26d/20260925T063038Z
EV-I264-607bd6bf-0925,device_run,pass,simulator,phone,ios,26.4,none,sideload,install;open_pack,none,none,"unipad-ios eb8353d + uncommitted implementation changes (9 modified, 4 new files)",dirty,yes,no,2026-09-25T06:19:37Z,iPhone 17 Pro simulator,xcodebuild -project unipad.xcodeproj -scheme unipad -configuration Debug build-for-testing ; xcrun simctl install ; launch with -UniPadFirebaseLocalOnly YES,"6 screenshots (the count in the record's header), kept in the maintainers' device-check log, outside this repository","Debug build installed with simctl on an iPhone 17 Pro simulator, iOS 26.4: app start, pack selected, play screen loaded with 8x8 pads, a pad press logged, menu, quit, import through open-in. Analytics kept local. Not the App Store binary; pad sound not observed.",device-log:607bd6bf/20260925T061937Z
EV-I263-9532e26d-0925,device_run,pass,simulator,phone,ios,26.3.1,none,sideload,install;open_pack,none,none,unipad-ios f233f3b,clean,yes,yes,2026-09-25T10:00:38Z,iPhone 17 Pro simulator,xcodebuild -configuration Debug build ; xcrun simctl install ; UI test DesignScreenshots x3 ; xcrun simctl openurl <Faded.zip>,"9 screenshots (the count in the record's header), kept in the maintainers' device-check log, outside this repository","Debug build of f233f3b (the 4.1.6 release candidate) installed with simctl on an iPhone 17 Pro simulator running iOS 26.3.1, the lowest runtime installed: home, settings, theme, store, pack selected, play screen with 8x8 pads, Faded imported through open-in. No pad press, no sound, no rotation. Debug configuration, not the App Store binary.",device-log:9532e26d/20260925T100038Z
EV-I27-347a6e7b-0927,device_run,pass,simulator,phone,ios,27.0,none,sideload,install;open_pack;rotation,none,none,"unipad-ios e8372a1 + uncommitted work (21 modified, 2 new files)",dirty,no,no,2026-09-27T06:51:45Z,iPhone 17 Pro simulator,"xcodebuild build-for-testing ; xcrun simctl uninstall ; xcodebuild test-without-building -only-testing:unipadUITests/FirstPackGuideTests (and DesignScreenshots, PlayPadLayoutTests, AppLanguageTests)","33 screenshots (the count in the record's header), kept in the maintainers' device-check log, outside this repository","Fresh install after an uninstall on an iPhone 17 Pro simulator, iOS 27.0: empty-state guide, Faded.zip imported, pack selected, play screen; 12 UI tests passed including pad layout and rotation. Pad sound is listed in the record as not checked.",device-log:347a6e7b/20260927T065145Z
EV-I27-0f9b87b2-0928,device_run,pass,simulator,phone,ios,27.0,none,sideload,led,none,none,unipad-ios commit not named; uncommitted LedRunner.swift and a new test in the tree,dirty,unknown,no,2026-09-28T09:27:04Z,iPhone 17 Pro simulator,xcodebuild test -only-testing:unipadTests/LedRunnerTests ; xcodebuild test -only-testing:unipadTests ; screen recording of a temporary UI test pressing pads,"10 screenshots (the count in the record's header), kept in the maintainers' device-check log, outside this repository","iPhone 17 Pro simulator, iOS 27.0: on-screen pad lights kept blinking while a pad of a fast-repeat test pack was held and went out on release; the Faded pack lit and went dark normally; 7 LedRunner unit tests passed. Turning all lights off, chain switching and leaving the screen were not operated on screen.",device-log:0f9b87b2/20260928T092704Z
EV-I27-3829863e-0928,device_run,pass,simulator,phone,ios,27.0,none,sideload,rotation,open_pack,none,unipad-ios 24918a4 + 3 uncommitted files,dirty,no,no,2026-09-28T11:46:31Z,iPhone 16e and iPhone 17 Pro simulators,xcodebuild build-for-testing ; test-without-building -only-testing:unipadUITests/PlayThemeLayoutTests -only-testing:unipadUITests/PlayPadLayoutTests,"74 screenshots (the count in the record's header), kept in the maintainers' device-check log, outside this repository","iPhone 16e and iPhone 17 Pro simulators, iOS 27.0: app reinstalled, Faded opened, three pads and a chain pressed, menu, quit; menu button and logo measured inside the safe area in both landscape directions with two themes. The bottom of the pad grid (about 11 pt) overlaps the home-indicator area and was left as a product decision, so this record is not a safe-area pass. How the Faded pack got into the app is not stated.",device-log:3829863e/20260928T114631Z
EV-I27-ca9f5907-0929,device_run,pass,simulator,phone,ios,27.0,none,sideload,none,open_pack,none,unipad-ios eb312ce + 2 uncommitted UI-test files,dirty,no,no,2026-09-29T08:17:32Z,iPhone 17 Pro and iPhone SE (3rd generation) simulators,xcodebuild build-for-testing ; test-without-building -only-testing:unipadUITests/AppLanguageTests -test-iterations 6 ; HomeSettingsEntryTests ; PlayPadLayoutTests,"256 screenshots (the count in the record's header), kept in the maintainers' device-check log, outside this repository","iPhone 17 Pro and iPhone SE (3rd generation) simulators, iOS 27.0: language walk through home, settings, theme, store and the file picker (18 of 18 on each), and the pad-layout UI test on the small screen. Pack selection through to the play screen was seen on screen, using the pack already in the app; no pack was imported. Portrait and iPad are listed as not checked.",device-log:ca9f5907/20260929T081732Z
EV-WEB-60999e7a-0926,device_run,partial,viewport,phone,unknown,,webkit_playwright,none,none,none,none,unipad.io 8527612 + 14 uncommitted files,dirty,yes,no,2026-09-26T19:35:41Z,"Playwright WebKit build, 390x844 window, iOS 26 user agent, touch (a mocked phone width, not Safari on an iPhone)",pnpm build ; next start ; scripted walk of the site pages,"54 screenshots (the count in the record's header), kept in the maintainers' device-check log, outside this repository","Site pages and the empty state of /play only (112 checks passed, 6 App Store link taps did not open a tab in the WebKit build). No pack was opened, so none of the six features was exercised.",device-log:60999e7a/20260926T193541Z
EV-WEB-08ce5205-0928,device_run,pass,browser,desktop,macos,,chromium_headless,none,open_pack,none,none,unipad.io f8f2bad + uncommitted LaunchpadSettingsModal.tsx and a new test,dirty,yes,no,2026-09-28T02:14:31Z,"Playwright 1.63 Chromium, headless, --mute-audio, 1280x800 window with a mouse, on a Mac","pnpm build ; next start ; scripted run, before and after the change, en and ko","80 screenshots (the count in the record's header), kept in the maintainers' device-check log, outside this repository","Headless Chromium on a Mac, 1280x800: Faded.zip loaded in /play, menu and the Launchpad settings dialog opened and closed, quit, pack re-entered, in English and Korean. An 844x390 touch window was also run (a mocked width). No sound heard. Not Google Chrome.",device-log:08ce5205/20260928T021431Z
EV-WEB-a11a6324-0928-fail,device_run,fail,browser,desktop,unknown,,chromium_headless,none,none,none,external_connect,unipad.io 4153728 + 4 uncommitted items,dirty,yes,no,2026-09-28T08:16:55Z,"Playwright Chromium, headless, 1600x900 window, fake MIDI output recording the bytes sent",pnpm build ; next start ; scripted run with navigator.requestMIDIAccess replaced by a recorder,"43 screenshots (the count in the record's header), kept in the maintainers' device-check log, outside this repository","Headless Chromium with a fake MIDI output: after an animation that ended with the logo light on, Quit sent no light-off bytes, so pad and logo lights would stay on a Launchpad. Fixed by unipad.io#32 (8019666) and passed in the later run of the same day. The Android part of the same record passed. No MIDI device was connected.",device-log:a11a6324/20260928T081655Z
EV-WEB-a11a6324-0928,device_run,pass,browser,desktop,unknown,,chromium_headless,none,led,open_pack;external_connect,none,unipad.io 4153728 + staged merge of main 3a674bc + 4 uncommitted items,dirty,yes,no,2026-09-28T11:04:40Z,"Playwright Chromium, headless, 1600x900 window, fake MIDI output recording the bytes sent",pnpm build ; next start ; scripted run with navigator.requestMIDIAccess replaced by a recorder,"24 screenshots for the whole record, Android and web parts together (the count in the record's header), kept in the maintainers' device-check log, outside this repository","Headless Chromium with a fake MIDI output: Faded and a logo test pack opened and played with on-screen lights; light-on and light-off bytes recorded for Launchpad X, original Pro and MK2 profiles on play, tab hide, LED off and Quit. No MIDI device was connected, so nothing reached a Launchpad. Not Google Chrome. How the packs were loaded is not stated.",device-log:a11a6324/20260928T110440Z
EV-WEB-20260930-desktop-1280x800,web_run,pass,browser,desktop,macos,,chromium_headless,none,open_pack;sound;led,none,none,"unipad.io 8019666 (prod, the deployed site source; the checkout differed only under meta/)",clean,yes,yes,2026-09-30T10:50:27Z,Playwright 1.63.0 Chromium 153.0.8010.12 headless (--mute-audio) on a macOS computer (arm64); 1280x800 window with a mouse,pnpm install --frozen-lockfile ; pnpm build ; next start --port <port> ; PLAYWRIGHT_MODULE=<playwright 1.63.0> node meta/compatibility/scripts/web_check.mjs http://localhost:<port> Faded.zip meta/compatibility/evidence/web-2026-09-30 en,evidence/web-2026-09-30/desktop-1280x800-*.png,"Headless Chromium engine build on one Mac, local production build of the site: Faded.zip imported and 64 pads shown; one AudioBufferSource start counted with the audio context running (output muted, nothing heard); pads lit while one pad was held. Requests leaving the local server and the analytics script were aborted. Not Google Chrome, not another operating system, not a device.",evidence/web-2026-09-30/results.json#desktop-1280x800
EV-WEB-20260930-tablet-1024x768,web_run,pass,viewport,tablet,macos,,chromium_headless,none,open_pack;sound;led;rotation,none,none,"unipad.io 8019666 (prod, the deployed site source; the checkout differed only under meta/)",clean,yes,yes,2026-09-30T10:50:27Z,Playwright 1.63.0 Chromium 153.0.8010.12 headless (--mute-audio) on a macOS computer (arm64); 1024x768 mocked window size with touch events (not a tablet),pnpm install --frozen-lockfile ; pnpm build ; next start --port <port> ; PLAYWRIGHT_MODULE=<playwright 1.63.0> node meta/compatibility/scripts/web_check.mjs http://localhost:<port> Faded.zip meta/compatibility/evidence/web-2026-09-30 en,evidence/web-2026-09-30/tablet-1024x768-*.png,"Headless Chromium engine build on one Mac, local production build of the site: Faded.zip imported and 64 pads shown; one AudioBufferSource start counted with the audio context running (output muted, nothing heard); pads lit while one pad was held. The window was flipped to 768x1024: the rotate hint showed in portrait only and the 64 pads were still there. Requests leaving the local server and the analytics script were aborted. Not Google Chrome, not another operating system, not a device.",evidence/web-2026-09-30/results.json#tablet-1024x768
EV-WEB-20260930-tablet-834x1194,web_run,pass,viewport,tablet,macos,,chromium_headless,none,open_pack;sound;led;rotation,none,none,"unipad.io 8019666 (prod, the deployed site source; the checkout differed only under meta/)",clean,yes,yes,2026-09-30T10:50:27Z,Playwright 1.63.0 Chromium 153.0.8010.12 headless (--mute-audio) on a macOS computer (arm64); 834x1194 mocked window size with touch events (not a tablet),pnpm install --frozen-lockfile ; pnpm build ; next start --port <port> ; PLAYWRIGHT_MODULE=<playwright 1.63.0> node meta/compatibility/scripts/web_check.mjs http://localhost:<port> Faded.zip meta/compatibility/evidence/web-2026-09-30 en,evidence/web-2026-09-30/tablet-834x1194-*.png,"Headless Chromium engine build on one Mac, local production build of the site: Faded.zip imported and 64 pads shown; one AudioBufferSource start counted with the audio context running (output muted, nothing heard); pads lit while one pad was held. The window was flipped to 1194x834: the rotate hint showed in portrait only and the 64 pads were still there. Requests leaving the local server and the analytics script were aborted. Not Google Chrome, not another operating system, not a device.",evidence/web-2026-09-30/results.json#tablet-834x1194
EV-WEB-20260930-phone-390x844,web_run,pass,viewport,phone,macos,,chromium_headless,none,open_pack;sound;led;rotation,none,none,"unipad.io 8019666 (prod, the deployed site source; the checkout differed only under meta/)",clean,yes,yes,2026-09-30T10:50:27Z,Playwright 1.63.0 Chromium 153.0.8010.12 headless (--mute-audio) on a macOS computer (arm64); 390x844 mocked window size with touch events (not a phone),pnpm install --frozen-lockfile ; pnpm build ; next start --port <port> ; PLAYWRIGHT_MODULE=<playwright 1.63.0> node meta/compatibility/scripts/web_check.mjs http://localhost:<port> Faded.zip meta/compatibility/evidence/web-2026-09-30 en,evidence/web-2026-09-30/phone-390x844-*.png,"Headless Chromium engine build on one Mac, local production build of the site: Faded.zip imported and 64 pads shown; one AudioBufferSource start counted with the audio context running (output muted, nothing heard); pads lit while one pad was held. The window was flipped to 844x390: the rotate hint showed in portrait only and the 64 pads were still there. Requests leaving the local server and the analytics script were aborted. Not Google Chrome, not another operating system, not a device.",evidence/web-2026-09-30/results.json#phone-390x844
