series_id,category,label,value,unit,reference_period
statcounter_android_version_mobile_ww,android_version,15.0,17.15,%,2026-08-01 to 2026-08-31 (one calendar month; monthly value as published)
statcounter_android_version_mobile_ww,android_version,16.0,26.01,%,2026-08-01 to 2026-08-31 (one calendar month; monthly value as published)
statcounter_android_version_mobile_ww,android_version,13.0,14.88,%,2026-08-01 to 2026-08-31 (one calendar month; monthly value as published)
statcounter_android_version_mobile_ww,android_version,14.0,12.96,%,2026-08-01 to 2026-08-31 (one calendar month; monthly value as published)
statcounter_android_version_mobile_ww,android_version,12.0,10.12,%,2026-08-01 to 2026-08-31 (one calendar month; monthly value as published)
statcounter_android_version_mobile_ww,android_version,11.0,8.17,%,2026-08-01 to 2026-08-31 (one calendar month; monthly value as published)
statcounter_android_version_mobile_ww,android_version,10.0,4.28,%,2026-08-01 to 2026-08-31 (one calendar month; monthly value as published)
statcounter_android_version_mobile_ww,android_version,9.0 Pie,1.97,%,2026-08-01 to 2026-08-31 (one calendar month; monthly value as published)
statcounter_android_version_mobile_ww,android_version,5.0 Lollipop,0.43,%,2026-08-01 to 2026-08-31 (one calendar month; monthly value as published)
statcounter_android_version_mobile_ww,android_version,6.0 Marshmallow,0.68,%,2026-08-01 to 2026-08-31 (one calendar month; monthly value as published)
statcounter_android_version_mobile_ww,android_version,8.0 Oreo,0.68,%,2026-08-01 to 2026-08-31 (one calendar month; monthly value as published)
statcounter_android_version_mobile_ww,android_version,8.1 Oreo,1.1,%,2026-08-01 to 2026-08-31 (one calendar month; monthly value as published)
statcounter_android_version_mobile_ww,android_version,7.0 Nougat,0.16,%,2026-08-01 to 2026-08-31 (one calendar month; monthly value as published)
statcounter_android_version_mobile_ww,android_version,7.1 Nougat,0.16,%,2026-08-01 to 2026-08-31 (one calendar month; monthly value as published)
statcounter_android_version_mobile_ww,android_version,17.0,0.99,%,2026-08-01 to 2026-08-31 (one calendar month; monthly value as published)
statcounter_android_version_mobile_ww,android_version,5.1 Lollipop,0.1,%,2026-08-01 to 2026-08-31 (one calendar month; monthly value as published)
statcounter_android_version_mobile_ww,android_version,4.4 KitKat,0.02,%,2026-08-01 to 2026-08-31 (one calendar month; monthly value as published)
statcounter_android_version_mobile_ww,android_version,25.8,0.0,%,2026-08-01 to 2026-08-31 (one calendar month; monthly value as published)
statcounter_android_version_mobile_ww,android_version,25.1,0.0,%,2026-08-01 to 2026-08-31 (one calendar month; monthly value as published)
statcounter_android_version_mobile_ww,android_version,4.3 Jelly Bean,0.0,%,2026-08-01 to 2026-08-31 (one calendar month; monthly value as published)
statcounter_android_version_mobile_ww,android_version,Other,0.11,%,2026-08-01 to 2026-08-31 (one calendar month; monthly value as published)
statcounter_android_version_tablet_ww,android_version,14.0,19.04,%,2026-08-01 to 2026-08-31 (one calendar month; monthly value as published)
statcounter_android_version_tablet_ww,android_version,11.0,14.35,%,2026-08-01 to 2026-08-31 (one calendar month; monthly value as published)
statcounter_android_version_tablet_ww,android_version,9.0 Pie,14.27,%,2026-08-01 to 2026-08-31 (one calendar month; monthly value as published)
statcounter_android_version_tablet_ww,android_version,13.0,10.03,%,2026-08-01 to 2026-08-31 (one calendar month; monthly value as published)
statcounter_android_version_tablet_ww,android_version,16.0,15.57,%,2026-08-01 to 2026-08-31 (one calendar month; monthly value as published)
statcounter_android_version_tablet_ww,android_version,12.0,7.87,%,2026-08-01 to 2026-08-31 (one calendar month; monthly value as published)
statcounter_android_version_tablet_ww,android_version,15.0,4.68,%,2026-08-01 to 2026-08-31 (one calendar month; monthly value as published)
statcounter_android_version_tablet_ww,android_version,8.1 Oreo,3.12,%,2026-08-01 to 2026-08-31 (one calendar month; monthly value as published)
statcounter_android_version_tablet_ww,android_version,5.1 Lollipop,2.53,%,2026-08-01 to 2026-08-31 (one calendar month; monthly value as published)
statcounter_android_version_tablet_ww,android_version,10.0,2.02,%,2026-08-01 to 2026-08-31 (one calendar month; monthly value as published)
statcounter_android_version_tablet_ww,android_version,7.1 Nougat,1.7,%,2026-08-01 to 2026-08-31 (one calendar month; monthly value as published)
statcounter_android_version_tablet_ww,android_version,8.0 Oreo,1.14,%,2026-08-01 to 2026-08-31 (one calendar month; monthly value as published)
statcounter_android_version_tablet_ww,android_version,7.0 Nougat,1.17,%,2026-08-01 to 2026-08-31 (one calendar month; monthly value as published)
statcounter_android_version_tablet_ww,android_version,4.4 KitKat,1.31,%,2026-08-01 to 2026-08-31 (one calendar month; monthly value as published)
statcounter_android_version_tablet_ww,android_version,6.0 Marshmallow,0.41,%,2026-08-01 to 2026-08-31 (one calendar month; monthly value as published)
statcounter_android_version_tablet_ww,android_version,5.0 Lollipop,0.28,%,2026-08-01 to 2026-08-31 (one calendar month; monthly value as published)
statcounter_android_version_tablet_ww,android_version,4.2 Jelly Bean,0.16,%,2026-08-01 to 2026-08-31 (one calendar month; monthly value as published)
statcounter_android_version_tablet_ww,android_version,4.0 Ice Cream Sandwich,0.14,%,2026-08-01 to 2026-08-31 (one calendar month; monthly value as published)
statcounter_android_version_tablet_ww,android_version,4.1 Jelly Bean,0.02,%,2026-08-01 to 2026-08-31 (one calendar month; monthly value as published)
statcounter_android_version_tablet_ww,android_version,25.1,0.0,%,2026-08-01 to 2026-08-31 (one calendar month; monthly value as published)
statcounter_android_version_tablet_ww,android_version,25.8,0.0,%,2026-08-01 to 2026-08-31 (one calendar month; monthly value as published)
statcounter_android_version_tablet_ww,android_version,11.1,0.01,%,2026-08-01 to 2026-08-31 (one calendar month; monthly value as published)
statcounter_android_version_tablet_ww,android_version,4.3 Jelly Bean,0.01,%,2026-08-01 to 2026-08-31 (one calendar month; monthly value as published)
statcounter_android_version_tablet_ww,android_version,25.6,0.0,%,2026-08-01 to 2026-08-31 (one calendar month; monthly value as published)
statcounter_android_version_tablet_ww,android_version,7.5 Nougat,0.0,%,2026-08-01 to 2026-08-31 (one calendar month; monthly value as published)
statcounter_android_version_tablet_ww,android_version,Other,0.15,%,2026-08-01 to 2026-08-31 (one calendar month; monthly value as published)
statcounter_ios_version_mobile_ww,ios_version,iOS 18.6,1.82,%,2026-08-01 to 2026-08-31 (one calendar month; monthly value as published)
statcounter_ios_version_mobile_ww,ios_version,iOS 18.7,10.38,%,2026-08-01 to 2026-08-31 (one calendar month; monthly value as published)
statcounter_ios_version_mobile_ww,ios_version,iOS 26.5,32.52,%,2026-08-01 to 2026-08-31 (one calendar month; monthly value as published)
statcounter_ios_version_mobile_ww,ios_version,iOS 26.3,2.33,%,2026-08-01 to 2026-08-31 (one calendar month; monthly value as published)
statcounter_ios_version_mobile_ww,ios_version,iOS 26.2,2.07,%,2026-08-01 to 2026-08-31 (one calendar month; monthly value as published)
statcounter_ios_version_mobile_ww,ios_version,iOS 18.5,1.42,%,2026-08-01 to 2026-08-31 (one calendar month; monthly value as published)
statcounter_ios_version_mobile_ww,ios_version,iOS 26.6,34.94,%,2026-08-01 to 2026-08-31 (one calendar month; monthly value as published)
statcounter_ios_version_mobile_ww,ios_version,iOS 26.4,1.8,%,2026-08-01 to 2026-08-31 (one calendar month; monthly value as published)
statcounter_ios_version_mobile_ww,ios_version,iOS 26.1,0.79,%,2026-08-01 to 2026-08-31 (one calendar month; monthly value as published)
statcounter_ios_version_mobile_ww,ios_version,iOS 16.7,1.79,%,2026-08-01 to 2026-08-31 (one calendar month; monthly value as published)
statcounter_ios_version_mobile_ww,ios_version,iOS 11.0,0.77,%,2026-08-01 to 2026-08-31 (one calendar month; monthly value as published)
statcounter_ios_version_mobile_ww,ios_version,iOS 18.3,0.85,%,2026-08-01 to 2026-08-31 (one calendar month; monthly value as published)
statcounter_ios_version_mobile_ww,ios_version,iOS 26.0,0.37,%,2026-08-01 to 2026-08-31 (one calendar month; monthly value as published)
statcounter_ios_version_mobile_ww,ios_version,iOS 15.8,1.27,%,2026-08-01 to 2026-08-31 (one calendar month; monthly value as published)
statcounter_ios_version_mobile_ww,ios_version,iOS 17.6,0.81,%,2026-08-01 to 2026-08-31 (one calendar month; monthly value as published)
statcounter_ios_version_mobile_ww,ios_version,iOS 18.1,0.51,%,2026-08-01 to 2026-08-31 (one calendar month; monthly value as published)
statcounter_ios_version_mobile_ww,ios_version,iOS 18.4,0.43,%,2026-08-01 to 2026-08-31 (one calendar month; monthly value as published)
statcounter_ios_version_mobile_ww,ios_version,iOS 17.5,0.47,%,2026-08-01 to 2026-08-31 (one calendar month; monthly value as published)
statcounter_ios_version_mobile_ww,ios_version,iOS 18.2,0.36,%,2026-08-01 to 2026-08-31 (one calendar month; monthly value as published)
statcounter_ios_version_mobile_ww,ios_version,iOS 18.0,0.27,%,2026-08-01 to 2026-08-31 (one calendar month; monthly value as published)
statcounter_ios_version_mobile_ww,ios_version,iOS 16.6,0.23,%,2026-08-01 to 2026-08-31 (one calendar month; monthly value as published)
statcounter_ios_version_mobile_ww,ios_version,iOS 17.4,0.24,%,2026-08-01 to 2026-08-31 (one calendar month; monthly value as published)
statcounter_ios_version_mobile_ww,ios_version,iOS 16.1,0.22,%,2026-08-01 to 2026-08-31 (one calendar month; monthly value as published)
statcounter_ios_version_mobile_ww,ios_version,iOS 16.3,0.22,%,2026-08-01 to 2026-08-31 (one calendar month; monthly value as published)
statcounter_ios_version_mobile_ww,ios_version,iOS 26,0.41,%,2026-08-01 to 2026-08-31 (one calendar month; monthly value as published)
statcounter_ios_version_mobile_ww,ios_version,iOS 17.7,0.17,%,2026-08-01 to 2026-08-31 (one calendar month; monthly value as published)
statcounter_ios_version_mobile_ww,ios_version,iOS 17.3,0.16,%,2026-08-01 to 2026-08-31 (one calendar month; monthly value as published)
statcounter_ios_version_mobile_ww,ios_version,iOS 16.0,0.12,%,2026-08-01 to 2026-08-31 (one calendar month; monthly value as published)
statcounter_ios_version_mobile_ww,ios_version,iOS 17.1,0.12,%,2026-08-01 to 2026-08-31 (one calendar month; monthly value as published)
statcounter_ios_version_mobile_ww,ios_version,iOS 27,0.39,%,2026-08-01 to 2026-08-31 (one calendar month; monthly value as published)
statcounter_ios_version_mobile_ww,ios_version,iOS 16.2,0.11,%,2026-08-01 to 2026-08-31 (one calendar month; monthly value as published)
statcounter_ios_version_mobile_ww,ios_version,iOS 15.6,0.11,%,2026-08-01 to 2026-08-31 (one calendar month; monthly value as published)
statcounter_ios_version_mobile_ww,ios_version,iOS 17.2,0.11,%,2026-08-01 to 2026-08-31 (one calendar month; monthly value as published)
statcounter_ios_version_mobile_ww,ios_version,iOS 12.5,0.12,%,2026-08-01 to 2026-08-31 (one calendar month; monthly value as published)
statcounter_ios_version_mobile_ww,ios_version,iOS 16.5,0.09,%,2026-08-01 to 2026-08-31 (one calendar month; monthly value as published)
statcounter_ios_version_mobile_ww,ios_version,iOS 27.0,0.31,%,2026-08-01 to 2026-08-31 (one calendar month; monthly value as published)
statcounter_ios_version_mobile_ww,ios_version,iOS 17.0,0.08,%,2026-08-01 to 2026-08-31 (one calendar month; monthly value as published)
statcounter_ios_version_mobile_ww,ios_version,iOS 15.7,0.11,%,2026-08-01 to 2026-08-31 (one calendar month; monthly value as published)
statcounter_ios_version_mobile_ww,ios_version,iOS 15.5,0.07,%,2026-08-01 to 2026-08-31 (one calendar month; monthly value as published)
statcounter_ios_version_mobile_ww,ios_version,iOS 15.4,0.06,%,2026-08-01 to 2026-08-31 (one calendar month; monthly value as published)
statcounter_ios_version_mobile_ww,ios_version,iOS 16.4,0.06,%,2026-08-01 to 2026-08-31 (one calendar month; monthly value as published)
statcounter_ios_version_mobile_ww,ios_version,iOS 15.0,0.06,%,2026-08-01 to 2026-08-31 (one calendar month; monthly value as published)
statcounter_ios_version_mobile_ww,ios_version,iOS 13.2,0.06,%,2026-08-01 to 2026-08-31 (one calendar month; monthly value as published)
statcounter_ios_version_mobile_ww,ios_version,iOS 14.4,0.03,%,2026-08-01 to 2026-08-31 (one calendar month; monthly value as published)
statcounter_ios_version_mobile_ww,ios_version,iOS 15.3,0.03,%,2026-08-01 to 2026-08-31 (one calendar month; monthly value as published)
statcounter_ios_version_mobile_ww,ios_version,iOS 15.1,0.03,%,2026-08-01 to 2026-08-31 (one calendar month; monthly value as published)
statcounter_ios_version_mobile_ww,ios_version,iOS 10.3,0.04,%,2026-08-01 to 2026-08-31 (one calendar month; monthly value as published)
statcounter_ios_version_mobile_ww,ios_version,iOS 26.7,0.0,%,2026-08-01 to 2026-08-31 (one calendar month; monthly value as published)
statcounter_ios_version_mobile_ww,ios_version,iOS 19.0,0.0,%,2026-08-01 to 2026-08-31 (one calendar month; monthly value as published)
statcounter_ios_version_mobile_ww,ios_version,iOS 15.2,0.02,%,2026-08-01 to 2026-08-31 (one calendar month; monthly value as published)
statcounter_ios_version_mobile_ww,ios_version,iOS 14.6,0.02,%,2026-08-01 to 2026-08-31 (one calendar month; monthly value as published)
statcounter_ios_version_mobile_ww,ios_version,iOS 14.8,0.02,%,2026-08-01 to 2026-08-31 (one calendar month; monthly value as published)
statcounter_ios_version_mobile_ww,ios_version,iOS 14.7,0.02,%,2026-08-01 to 2026-08-31 (one calendar month; monthly value as published)
statcounter_ios_version_mobile_ww,ios_version,iOS 13.6,0.01,%,2026-08-01 to 2026-08-31 (one calendar month; monthly value as published)
statcounter_ios_version_mobile_ww,ios_version,iOS 11.3,0.02,%,2026-08-01 to 2026-08-31 (one calendar month; monthly value as published)
statcounter_ios_version_mobile_ww,ios_version,iOS 14.2,0.01,%,2026-08-01 to 2026-08-31 (one calendar month; monthly value as published)
statcounter_ios_version_mobile_ww,ios_version,iOS 6.0,0.0,%,2026-08-01 to 2026-08-31 (one calendar month; monthly value as published)
statcounter_ios_version_mobile_ww,ios_version,iOS 12.4,0.01,%,2026-08-01 to 2026-08-31 (one calendar month; monthly value as published)
statcounter_ios_version_mobile_ww,ios_version,iOS 14.3,0.01,%,2026-08-01 to 2026-08-31 (one calendar month; monthly value as published)
statcounter_ios_version_mobile_ww,ios_version,iOS 4.3,0.02,%,2026-08-01 to 2026-08-31 (one calendar month; monthly value as published)
statcounter_ios_version_mobile_ww,ios_version,iOS 14.0,0.01,%,2026-08-01 to 2026-08-31 (one calendar month; monthly value as published)
statcounter_ios_version_mobile_ww,ios_version,iOS 13.3,0.01,%,2026-08-01 to 2026-08-31 (one calendar month; monthly value as published)
statcounter_ios_version_mobile_ww,ios_version,iOS 13.5,0.01,%,2026-08-01 to 2026-08-31 (one calendar month; monthly value as published)
statcounter_ios_version_mobile_ww,ios_version,iOS 13.7,0.01,%,2026-08-01 to 2026-08-31 (one calendar month; monthly value as published)
statcounter_ios_version_mobile_ww,ios_version,Other,0.08,%,2026-08-01 to 2026-08-31 (one calendar month; monthly value as published)
statcounter_ios_version_tablet_ww,ios_version,iOS 18.6,1.31,%,2026-08-01 to 2026-08-31 (one calendar month; monthly value as published)
statcounter_ios_version_tablet_ww,ios_version,iOS 26.5,24.78,%,2026-08-01 to 2026-08-31 (one calendar month; monthly value as published)
statcounter_ios_version_tablet_ww,ios_version,iOS 18.7,10.09,%,2026-08-01 to 2026-08-31 (one calendar month; monthly value as published)
statcounter_ios_version_tablet_ww,ios_version,iOS 26.3,1.47,%,2026-08-01 to 2026-08-31 (one calendar month; monthly value as published)
statcounter_ios_version_tablet_ww,ios_version,iOS 26.2,1.31,%,2026-08-01 to 2026-08-31 (one calendar month; monthly value as published)
statcounter_ios_version_tablet_ww,ios_version,iOS 26.6,33.62,%,2026-08-01 to 2026-08-31 (one calendar month; monthly value as published)
statcounter_ios_version_tablet_ww,ios_version,iOS 17.7,4.6,%,2026-08-01 to 2026-08-31 (one calendar month; monthly value as published)
statcounter_ios_version_tablet_ww,ios_version,iOS 12.5,3.86,%,2026-08-01 to 2026-08-31 (one calendar month; monthly value as published)
statcounter_ios_version_tablet_ww,ios_version,iOS 18.5,0.74,%,2026-08-01 to 2026-08-31 (one calendar month; monthly value as published)
statcounter_ios_version_tablet_ww,ios_version,iOS 26.4,1.17,%,2026-08-01 to 2026-08-31 (one calendar month; monthly value as published)
statcounter_ios_version_tablet_ww,ios_version,iOS 16.7,2.65,%,2026-08-01 to 2026-08-31 (one calendar month; monthly value as published)
statcounter_ios_version_tablet_ww,ios_version,iOS 15.8,2.56,%,2026-08-01 to 2026-08-31 (one calendar month; monthly value as published)
statcounter_ios_version_tablet_ww,ios_version,iOS 10.3,1.53,%,2026-08-01 to 2026-08-31 (one calendar month; monthly value as published)
statcounter_ios_version_tablet_ww,ios_version,iOS 26.1,0.35,%,2026-08-01 to 2026-08-31 (one calendar month; monthly value as published)
statcounter_ios_version_tablet_ww,ios_version,iOS 26.0,0.26,%,2026-08-01 to 2026-08-31 (one calendar month; monthly value as published)
statcounter_ios_version_tablet_ww,ios_version,iOS 17.6,1.03,%,2026-08-01 to 2026-08-31 (one calendar month; monthly value as published)
statcounter_ios_version_tablet_ww,ios_version,iOS 18.3,0.88,%,2026-08-01 to 2026-08-31 (one calendar month; monthly value as published)
statcounter_ios_version_tablet_ww,ios_version,iOS 16.3,0.81,%,2026-08-01 to 2026-08-31 (one calendar month; monthly value as published)
statcounter_ios_version_tablet_ww,ios_version,iOS 9.3,0.04,%,2026-08-01 to 2026-08-31 (one calendar month; monthly value as published)
statcounter_ios_version_tablet_ww,ios_version,iOS 16.6,0.51,%,2026-08-01 to 2026-08-31 (one calendar month; monthly value as published)
statcounter_ios_version_tablet_ww,ios_version,iOS 17.5,0.5,%,2026-08-01 to 2026-08-31 (one calendar month; monthly value as published)
statcounter_ios_version_tablet_ww,ios_version,iOS 18.1,0.43,%,2026-08-01 to 2026-08-31 (one calendar month; monthly value as published)
statcounter_ios_version_tablet_ww,ios_version,iOS 15.6,0.34,%,2026-08-01 to 2026-08-31 (one calendar month; monthly value as published)
statcounter_ios_version_tablet_ww,ios_version,iOS 7.0,0.34,%,2026-08-01 to 2026-08-31 (one calendar month; monthly value as published)
statcounter_ios_version_tablet_ww,ios_version,iOS 18.4,0.16,%,2026-08-01 to 2026-08-31 (one calendar month; monthly value as published)
statcounter_ios_version_tablet_ww,ios_version,iOS 17.4,0.21,%,2026-08-01 to 2026-08-31 (one calendar month; monthly value as published)
statcounter_ios_version_tablet_ww,ios_version,iOS 16.2,0.2,%,2026-08-01 to 2026-08-31 (one calendar month; monthly value as published)
statcounter_ios_version_tablet_ww,ios_version,iOS 11.3,0.12,%,2026-08-01 to 2026-08-31 (one calendar month; monthly value as published)
statcounter_ios_version_tablet_ww,ios_version,iOS 16.1,0.19,%,2026-08-01 to 2026-08-31 (one calendar month; monthly value as published)
statcounter_ios_version_tablet_ww,ios_version,iOS 15.7,0.16,%,2026-08-01 to 2026-08-31 (one calendar month; monthly value as published)
statcounter_ios_version_tablet_ww,ios_version,iOS 15.5,0.18,%,2026-08-01 to 2026-08-31 (one calendar month; monthly value as published)
statcounter_ios_version_tablet_ww,ios_version,iOS 17.3,0.26,%,2026-08-01 to 2026-08-31 (one calendar month; monthly value as published)
statcounter_ios_version_tablet_ww,ios_version,iOS 17.1,0.19,%,2026-08-01 to 2026-08-31 (one calendar month; monthly value as published)
statcounter_ios_version_tablet_ww,ios_version,iOS 18.2,0.16,%,2026-08-01 to 2026-08-31 (one calendar month; monthly value as published)
statcounter_ios_version_tablet_ww,ios_version,iOS 18.0,0.11,%,2026-08-01 to 2026-08-31 (one calendar month; monthly value as published)
statcounter_ios_version_tablet_ww,ios_version,iOS 15.4,0.13,%,2026-08-01 to 2026-08-31 (one calendar month; monthly value as published)
statcounter_ios_version_tablet_ww,ios_version,iOS 14.8,0.09,%,2026-08-01 to 2026-08-31 (one calendar month; monthly value as published)
statcounter_ios_version_tablet_ww,ios_version,iOS 14.6,0.09,%,2026-08-01 to 2026-08-31 (one calendar month; monthly value as published)
statcounter_ios_version_tablet_ww,ios_version,iOS 12.4,0.11,%,2026-08-01 to 2026-08-31 (one calendar month; monthly value as published)
statcounter_ios_version_tablet_ww,ios_version,iOS 17.0,0.1,%,2026-08-01 to 2026-08-31 (one calendar month; monthly value as published)
statcounter_ios_version_tablet_ww,ios_version,iOS 14.4,0.13,%,2026-08-01 to 2026-08-31 (one calendar month; monthly value as published)
statcounter_ios_version_tablet_ww,ios_version,iOS 16.5,0.1,%,2026-08-01 to 2026-08-31 (one calendar month; monthly value as published)
statcounter_ios_version_tablet_ww,ios_version,iOS 14.7,0.12,%,2026-08-01 to 2026-08-31 (one calendar month; monthly value as published)
statcounter_ios_version_tablet_ww,ios_version,iOS 27.0,0.31,%,2026-08-01 to 2026-08-31 (one calendar month; monthly value as published)
statcounter_ios_version_tablet_ww,ios_version,iOS 13.6,0.07,%,2026-08-01 to 2026-08-31 (one calendar month; monthly value as published)
statcounter_ios_version_tablet_ww,ios_version,iOS 15.3,0.08,%,2026-08-01 to 2026-08-31 (one calendar month; monthly value as published)
statcounter_ios_version_tablet_ww,ios_version,iOS 10.1,0.07,%,2026-08-01 to 2026-08-31 (one calendar month; monthly value as published)
statcounter_ios_version_tablet_ww,ios_version,iOS 17.2,0.09,%,2026-08-01 to 2026-08-31 (one calendar month; monthly value as published)
statcounter_ios_version_tablet_ww,ios_version,iOS 11.4,0.08,%,2026-08-01 to 2026-08-31 (one calendar month; monthly value as published)
statcounter_ios_version_tablet_ww,ios_version,iOS 12.3,0.08,%,2026-08-01 to 2026-08-31 (one calendar month; monthly value as published)
statcounter_ios_version_tablet_ww,ios_version,iOS 15.1,0.07,%,2026-08-01 to 2026-08-31 (one calendar month; monthly value as published)
statcounter_ios_version_tablet_ww,ios_version,iOS 15.0,0.1,%,2026-08-01 to 2026-08-31 (one calendar month; monthly value as published)
statcounter_ios_version_tablet_ww,ios_version,iOS 12.1,0.09,%,2026-08-01 to 2026-08-31 (one calendar month; monthly value as published)
statcounter_ios_version_tablet_ww,ios_version,iOS 16.4,0.05,%,2026-08-01 to 2026-08-31 (one calendar month; monthly value as published)
statcounter_ios_version_tablet_ww,ios_version,iOS 26.7,0.0,%,2026-08-01 to 2026-08-31 (one calendar month; monthly value as published)
statcounter_ios_version_tablet_ww,ios_version,iOS 11.0,0.06,%,2026-08-01 to 2026-08-31 (one calendar month; monthly value as published)
statcounter_ios_version_tablet_ww,ios_version,iOS 11.2,0.05,%,2026-08-01 to 2026-08-31 (one calendar month; monthly value as published)
statcounter_ios_version_tablet_ww,ios_version,iOS 6.0,0.06,%,2026-08-01 to 2026-08-31 (one calendar month; monthly value as published)
statcounter_ios_version_tablet_ww,ios_version,iOS 12.2,0.07,%,2026-08-01 to 2026-08-31 (one calendar month; monthly value as published)
statcounter_ios_version_tablet_ww,ios_version,iOS 13.3,0.03,%,2026-08-01 to 2026-08-31 (one calendar month; monthly value as published)
statcounter_ios_version_tablet_ww,ios_version,iOS 15.2,0.04,%,2026-08-01 to 2026-08-31 (one calendar month; monthly value as published)
statcounter_ios_version_tablet_ww,ios_version,iOS 14.3,0.03,%,2026-08-01 to 2026-08-31 (one calendar month; monthly value as published)
statcounter_ios_version_tablet_ww,ios_version,iOS 5.0,0.03,%,2026-08-01 to 2026-08-31 (one calendar month; monthly value as published)
statcounter_ios_version_tablet_ww,ios_version,iOS 14.2,0.03,%,2026-08-01 to 2026-08-31 (one calendar month; monthly value as published)
statcounter_ios_version_tablet_ww,ios_version,iOS 27,0.1,%,2026-08-01 to 2026-08-31 (one calendar month; monthly value as published)
statcounter_ios_version_tablet_ww,ios_version,iOS 26,0.07,%,2026-08-01 to 2026-08-31 (one calendar month; monthly value as published)
statcounter_ios_version_tablet_ww,ios_version,iOS 9.2,0.02,%,2026-08-01 to 2026-08-31 (one calendar month; monthly value as published)
statcounter_ios_version_tablet_ww,ios_version,iOS 5.1,0.03,%,2026-08-01 to 2026-08-31 (one calendar month; monthly value as published)
statcounter_ios_version_tablet_ww,ios_version,iOS 12.0,0.04,%,2026-08-01 to 2026-08-31 (one calendar month; monthly value as published)
statcounter_ios_version_tablet_ww,ios_version,iOS 13.7,0.03,%,2026-08-01 to 2026-08-31 (one calendar month; monthly value as published)
statcounter_ios_version_tablet_ww,ios_version,iOS 13.5,0.02,%,2026-08-01 to 2026-08-31 (one calendar month; monthly value as published)
statcounter_ios_version_tablet_ww,ios_version,iOS 14.0,0.03,%,2026-08-01 to 2026-08-31 (one calendar month; monthly value as published)
statcounter_ios_version_tablet_ww,ios_version,iOS 14.5,0.03,%,2026-08-01 to 2026-08-31 (one calendar month; monthly value as published)
statcounter_ios_version_tablet_ww,ios_version,iOS 10.2,0.03,%,2026-08-01 to 2026-08-31 (one calendar month; monthly value as published)
statcounter_ios_version_tablet_ww,ios_version,iOS 13.4,0.02,%,2026-08-01 to 2026-08-31 (one calendar month; monthly value as published)
statcounter_ios_version_tablet_ww,ios_version,iOS 13.2,0.01,%,2026-08-01 to 2026-08-31 (one calendar month; monthly value as published)
statcounter_ios_version_tablet_ww,ios_version,iOS 11.1,0.02,%,2026-08-01 to 2026-08-31 (one calendar month; monthly value as published)
statcounter_ios_version_tablet_ww,ios_version,iOS 13.1,0.01,%,2026-08-01 to 2026-08-31 (one calendar month; monthly value as published)
statcounter_ios_version_tablet_ww,ios_version,iOS 8.4,0.0,%,2026-08-01 to 2026-08-31 (one calendar month; monthly value as published)
statcounter_ios_version_tablet_ww,ios_version,iOS 16.0,0.01,%,2026-08-01 to 2026-08-31 (one calendar month; monthly value as published)
statcounter_ios_version_tablet_ww,ios_version,iOS 14.1,0.01,%,2026-08-01 to 2026-08-31 (one calendar month; monthly value as published)
statcounter_ios_version_tablet_ww,ios_version,iOS 8.1,0.0,%,2026-08-01 to 2026-08-31 (one calendar month; monthly value as published)
statcounter_ios_version_tablet_ww,ios_version,iOS 10.0,0.01,%,2026-08-01 to 2026-08-31 (one calendar month; monthly value as published)
statcounter_ios_version_tablet_ww,ios_version,iOS 9.0,0.0,%,2026-08-01 to 2026-08-31 (one calendar month; monthly value as published)
statcounter_ios_version_tablet_ww,ios_version,iOS 19.0,0.0,%,2026-08-01 to 2026-08-31 (one calendar month; monthly value as published)
statcounter_ios_version_tablet_ww,ios_version,Other,0.02,%,2026-08-01 to 2026-08-31 (one calendar month; monthly value as published)
statcounter_os_desktop_ww,desktop_os,Windows,63.03,%,2026-08-01 to 2026-08-31 (one calendar month; monthly value as published)
statcounter_os_desktop_ww,desktop_os,OS X,11.57,%,2026-08-01 to 2026-08-31 (one calendar month; monthly value as published)
statcounter_os_desktop_ww,desktop_os,macOS,15.08,%,2026-08-01 to 2026-08-31 (one calendar month; monthly value as published)
statcounter_os_desktop_ww,desktop_os,Linux,8.76,%,2026-08-01 to 2026-08-31 (one calendar month; monthly value as published)
statcounter_os_desktop_ww,desktop_os,Chrome OS,1.56,%,2026-08-01 to 2026-08-31 (one calendar month; monthly value as published)
statcounter_os_desktop_ww,desktop_os,Other,0.0,%,2026-08-01 to 2026-08-31 (one calendar month; monthly value as published)
statcounter_browser_desktop_ww,browser,Chrome,73.17,%,2026-08-01 to 2026-08-31 (one calendar month; monthly value as published)
statcounter_browser_desktop_ww,browser,Edge,10.51,%,2026-08-01 to 2026-08-31 (one calendar month; monthly value as published)
statcounter_browser_desktop_ww,browser,Safari,5.28,%,2026-08-01 to 2026-08-31 (one calendar month; monthly value as published)
statcounter_browser_desktop_ww,browser,Firefox,5.31,%,2026-08-01 to 2026-08-31 (one calendar month; monthly value as published)
statcounter_browser_desktop_ww,browser,Opera,1.98,%,2026-08-01 to 2026-08-31 (one calendar month; monthly value as published)
statcounter_browser_desktop_ww,browser,Brave,0.83,%,2026-08-01 to 2026-08-31 (one calendar month; monthly value as published)
statcounter_browser_desktop_ww,browser,360 Safe Browser,0.4,%,2026-08-01 to 2026-08-31 (one calendar month; monthly value as published)
statcounter_browser_desktop_ww,browser,Samsung Internet,1.53,%,2026-08-01 to 2026-08-31 (one calendar month; monthly value as published)
statcounter_browser_desktop_ww,browser,Yandex Browser,0.36,%,2026-08-01 to 2026-08-31 (one calendar month; monthly value as published)
statcounter_browser_desktop_ww,browser,QQ Browser,0.17,%,2026-08-01 to 2026-08-31 (one calendar month; monthly value as published)
statcounter_browser_desktop_ww,browser,IE,0.02,%,2026-08-01 to 2026-08-31 (one calendar month; monthly value as published)
statcounter_browser_desktop_ww,browser,Mozilla,0.09,%,2026-08-01 to 2026-08-31 (one calendar month; monthly value as published)
statcounter_browser_desktop_ww,browser,Coc Coc,0.15,%,2026-08-01 to 2026-08-31 (one calendar month; monthly value as published)
statcounter_browser_desktop_ww,browser,Sogou Explorer,0.07,%,2026-08-01 to 2026-08-31 (one calendar month; monthly value as published)
statcounter_browser_desktop_ww,browser,Whale Browser,0.04,%,2026-08-01 to 2026-08-31 (one calendar month; monthly value as published)
statcounter_browser_desktop_ww,browser,Pale Moon,0.04,%,2026-08-01 to 2026-08-31 (one calendar month; monthly value as published)
statcounter_browser_desktop_ww,browser,Edge Legacy,0.01,%,2026-08-01 to 2026-08-31 (one calendar month; monthly value as published)
statcounter_browser_desktop_ww,browser,Other,0.04,%,2026-08-01 to 2026-08-31 (one calendar month; monthly value as published)
statcounter_browser_mobile_ww,browser,Chrome,66.05,%,2026-08-01 to 2026-08-31 (one calendar month; monthly value as published)
statcounter_browser_mobile_ww,browser,Safari,26.0,%,2026-08-01 to 2026-08-31 (one calendar month; monthly value as published)
statcounter_browser_mobile_ww,browser,Samsung Internet,2.53,%,2026-08-01 to 2026-08-31 (one calendar month; monthly value as published)
statcounter_browser_mobile_ww,browser,Opera,1.91,%,2026-08-01 to 2026-08-31 (one calendar month; monthly value as published)
statcounter_browser_mobile_ww,browser,UC Browser,1.25,%,2026-08-01 to 2026-08-31 (one calendar month; monthly value as published)
statcounter_browser_mobile_ww,browser,Android,0.06,%,2026-08-01 to 2026-08-31 (one calendar month; monthly value as published)
statcounter_browser_mobile_ww,browser,Firefox,0.75,%,2026-08-01 to 2026-08-31 (one calendar month; monthly value as published)
statcounter_browser_mobile_ww,browser,Edge,0.38,%,2026-08-01 to 2026-08-31 (one calendar month; monthly value as published)
statcounter_browser_mobile_ww,browser,Brave,0.34,%,2026-08-01 to 2026-08-31 (one calendar month; monthly value as published)
statcounter_browser_mobile_ww,browser,QQ Browser,0.18,%,2026-08-01 to 2026-08-31 (one calendar month; monthly value as published)
statcounter_browser_mobile_ww,browser,Yandex Browser,0.2,%,2026-08-01 to 2026-08-31 (one calendar month; monthly value as published)
statcounter_browser_mobile_ww,browser,Whale Browser,0.08,%,2026-08-01 to 2026-08-31 (one calendar month; monthly value as published)
statcounter_browser_mobile_ww,browser,Coc Coc,0.11,%,2026-08-01 to 2026-08-31 (one calendar month; monthly value as published)
statcounter_browser_mobile_ww,browser,Ecosia,0.06,%,2026-08-01 to 2026-08-31 (one calendar month; monthly value as published)
statcounter_browser_mobile_ww,browser,Unknown,0.05,%,2026-08-01 to 2026-08-31 (one calendar month; monthly value as published)
statcounter_browser_mobile_ww,browser,Instabridge,0.02,%,2026-08-01 to 2026-08-31 (one calendar month; monthly value as published)
statcounter_browser_mobile_ww,browser,KaiOS,0.01,%,2026-08-01 to 2026-08-31 (one calendar month; monthly value as published)
statcounter_browser_mobile_ww,browser,Puffin,0.01,%,2026-08-01 to 2026-08-31 (one calendar month; monthly value as published)
statcounter_browser_mobile_ww,browser,Other,0.01,%,2026-08-01 to 2026-08-31 (one calendar month; monthly value as published)
statcounter_browser_tablet_ww,browser,Chrome,50.19,%,2026-08-01 to 2026-08-31 (one calendar month; monthly value as published)
statcounter_browser_tablet_ww,browser,Safari,32.2,%,2026-08-01 to 2026-08-31 (one calendar month; monthly value as published)
statcounter_browser_tablet_ww,browser,Android,13.53,%,2026-08-01 to 2026-08-31 (one calendar month; monthly value as published)
statcounter_browser_tablet_ww,browser,Edge,0.88,%,2026-08-01 to 2026-08-31 (one calendar month; monthly value as published)
statcounter_browser_tablet_ww,browser,Opera,1.0,%,2026-08-01 to 2026-08-31 (one calendar month; monthly value as published)
statcounter_browser_tablet_ww,browser,Samsung Internet,1.41,%,2026-08-01 to 2026-08-31 (one calendar month; monthly value as published)
statcounter_browser_tablet_ww,browser,Yandex Browser,0.21,%,2026-08-01 to 2026-08-31 (one calendar month; monthly value as published)
statcounter_browser_tablet_ww,browser,UC Browser,0.18,%,2026-08-01 to 2026-08-31 (one calendar month; monthly value as published)
statcounter_browser_tablet_ww,browser,Kindle,0.11,%,2026-08-01 to 2026-08-31 (one calendar month; monthly value as published)
statcounter_browser_tablet_ww,browser,Instabridge,0.07,%,2026-08-01 to 2026-08-31 (one calendar month; monthly value as published)
statcounter_browser_tablet_ww,browser,Puffin,0.02,%,2026-08-01 to 2026-08-31 (one calendar month; monthly value as published)
statcounter_browser_tablet_ww,browser,Ecosia,0.05,%,2026-08-01 to 2026-08-31 (one calendar month; monthly value as published)
statcounter_browser_tablet_ww,browser,Coc Coc,0.05,%,2026-08-01 to 2026-08-31 (one calendar month; monthly value as published)
statcounter_browser_tablet_ww,browser,Unknown,0.03,%,2026-08-01 to 2026-08-31 (one calendar month; monthly value as published)
statcounter_browser_tablet_ww,browser,QQ Browser,0.03,%,2026-08-01 to 2026-08-31 (one calendar month; monthly value as published)
statcounter_browser_tablet_ww,browser,Firefox,0.02,%,2026-08-01 to 2026-08-31 (one calendar month; monthly value as published)
statcounter_browser_tablet_ww,browser,Other,0.03,%,2026-08-01 to 2026-08-31 (one calendar month; monthly value as published)
apple_ios_ipados_usage_2026_06_07,iphone_last_four_years,iOS 26,86.0,%,"2026-06-07 (a single day, as published)"
apple_ios_ipados_usage_2026_06_07,iphone_last_four_years,iOS 18,11.0,%,"2026-06-07 (a single day, as published)"
apple_ios_ipados_usage_2026_06_07,iphone_last_four_years,Earlier,3.0,%,"2026-06-07 (a single day, as published)"
apple_ios_ipados_usage_2026_06_07,iphone_all_devices,iOS 26,79.0,%,"2026-06-07 (a single day, as published)"
apple_ios_ipados_usage_2026_06_07,iphone_all_devices,iOS 18,14.0,%,"2026-06-07 (a single day, as published)"
apple_ios_ipados_usage_2026_06_07,iphone_all_devices,Earlier,7.0,%,"2026-06-07 (a single day, as published)"
apple_ios_ipados_usage_2026_06_07,ipad_last_four_years,iPadOS 26,79.0,%,"2026-06-07 (a single day, as published)"
apple_ios_ipados_usage_2026_06_07,ipad_last_four_years,iPadOS 18,16.0,%,"2026-06-07 (a single day, as published)"
apple_ios_ipados_usage_2026_06_07,ipad_last_four_years,Earlier,5.0,%,"2026-06-07 (a single day, as published)"
apple_ios_ipados_usage_2026_06_07,ipad_all_devices,iPadOS 26,68.0,%,"2026-06-07 (a single day, as published)"
apple_ios_ipados_usage_2026_06_07,ipad_all_devices,iPadOS 18,17.0,%,"2026-06-07 (a single day, as published)"
apple_ios_ipados_usage_2026_06_07,ipad_all_devices,Earlier,15.0,%,"2026-06-07 (a single day, as published)"
steam_hwsurvey_os_2026_08,desktop_os,Windows,93.95,%,2026-08-01 to 2026-08-31 (one calendar month; monthly survey as published)
steam_hwsurvey_os_2026_08,desktop_os,OSX,2.14,%,2026-08-01 to 2026-08-31 (one calendar month; monthly survey as published)
steam_hwsurvey_os_2026_08,desktop_os,Linux,3.9,%,2026-08-01 to 2026-08-31 (one calendar month; monthly survey as published)
